iso_year,iso_week,rebalance_date,next_rebalance_date,vnindex_close,vnindex_next_close,vnindex_weekly_return,vnindex_cumulative,Buy,NotBuy,NotBuy_cumulative,Buy_cumulative
2016,1,2016-01-08,2016-01-15,560.05,543.04,-0.030843083411886928,0.9696277118114455,,,1.0,1.0
2016,2,2016-01-15,2016-01-22,543.04,522.24,-0.039055729710173924,0.9324881706990449,,,1.0,1.0
2016,3,2016-01-22,2016-01-29,522.24,545.25,0.04311715274605084,0.973573788054638,,,1.0,1.0
2016,4,2016-01-29,2016-02-05,545.25,544.75,-0.0009174312570092291,0.9726810106240514,,,1.0,1.0
2016,5,2016-02-05,2016-02-19,544.75,554.03,0.016891863080956866,0.9892509597357377,,,1.0,1.0
2016,7,2016-02-19,2016-02-26,554.03,566.11,0.021569568704455654,1.010820462458709,,,1.0,1.0
2016,8,2016-02-26,2016-03-04,566.11,573.65,0.01323104863501004,1.0242835461119542,,,1.0,1.0
2016,9,2016-03-04,2016-03-11,573.65,577.26,0.006273317356076226,1.030729399160789,,,1.0,1.0
2016,10,2016-03-11,2016-03-18,577.26,575.82,-0.002497659743636766,1.0281582001607,0.04988022289780309,-0.02260388018692509,0.9776496734873702,1.0511451857112346
2016,11,2016-03-18,2016-03-25,575.82,572.08,-0.006516270117450808,1.0214802249799124,0.06440893819502869,-0.02814109146977958,0.9505210494328727,1.1210762496532558
2016,12,2016-03-25,2016-04-01,572.08,558.43,-0.024149566806743423,0.9971074011248994,0.04343518586266128,-0.03831367927328786,0.9147919186042346,1.1708434036716844
2016,13,2016-04-01,2016-04-08,558.43,572.34,0.024603945451774578,1.0219444692438173,0.07102976241716856,-0.005482853284163308,0.9097899737245109,1.257032908394806
2016,14,2016-04-08,2016-04-15,572.34,579.86,0.013053474708273866,1.035371841799839,0.07644553603135061,-0.012796186318379778,0.8982223006031709,1.3568958739912163
2016,15,2016-04-15,2016-04-22,579.86,592.48,0.021530422071856875,1.0579055441478438,0.05004821476702508,-0.02583700546600741,0.8753121652185625,1.426534191474465
2016,16,2016-04-22,2016-04-29,592.48,598.37,0.009892174548389802,1.0684224622801533,0.063770277863804,-0.018337393557380524,0.8594074923551824,1.5204679328404305
2016,17,2016-04-29,2016-05-06,598.37,606.52,0.013528412219046061,1.0829747343987142,0.04731873580111605,-0.01905097548339284,0.8431899121468504,1.594143934285952
2016,18,2016-05-06,2016-05-13,606.52,610.82,0.007064612818038539,1.0906526203017586,0.04876712411430794,-0.02517862951691561,0.822224592338637,1.6738125658221954
2016,19,2016-05-13,2016-05-20,610.82,614.81,0.0065109602335623375,1.0977769841978393,0.05298601501687713,-0.009310209795882877,0.8146050337675902,1.7648929076061002
2016,20,2016-05-20,2016-05-27,614.81,608.11,-0.010957490329780543,1.0858137666279795,0.052310900990236955,-0.01335470411058737,0.8037985439211026,1.8596734614586612
2016,21,2016-05-27,2016-06-03,608.11,621.88,0.022391361426981324,1.1104008570663333,0.08737706022549337,0.005870431601154495,0.8085310656759374,2.02947669515406
2016,22,2016-06-03,2016-06-10,621.88,629.84,0.012718670794671797,1.1246138737612712,0.07440671046586057,-0.0016484246294244697,0.8071993610625181,2.1862433041781344
2016,23,2016-06-10,2016-06-17,629.84,619.25,-0.016956750506742873,1.105704847781448,0.06406777962783186,-0.03047591392142353,0.7829702994776185,2.3308953502928675
2016,24,2016-06-17,2016-06-24,619.25,620.77,0.0024515745895940864,1.1084188911704311,0.09174503703994932,-0.01988359785844444,0.7675557887243445,2.5548601882489113
2016,25,2016-06-24,2016-07-01,620.77,640.3,0.030976173565693405,1.1432907776091419,0.08513546833045699,-0.003136313063679805,0.7651522645493801,2.7818967233544196
2016,26,2016-07-01,2016-07-08,640.3,658.68,0.02830101582504158,1.1761092759575034,0.11598829178103015,-0.002311578668780902,0.7633855975777882,3.1240219600807397
2016,27,2016-07-08,2016-07-15,658.68,664.56,0.008887335181018047,1.1866083385412014,0.0385937619139829,-0.05938418996184639,0.7193723415839807,3.24694652306886
2016,28,2016-07-15,2016-07-22,664.56,649.87,-0.022352824643800274,1.1603785376305686,0.03733398112766219,-0.05158362936975944,0.6832053372973529,3.3704592278416254
2016,29,2016-07-22,2016-07-29,649.87,652.23,0.003624917570393793,1.1645924471029372,0.06035658453745138,-0.022641533833576723,0.6679103252007189,3.580153186445565
2016,30,2016-07-29,2016-08-05,652.23,627.39,-0.03882890362288271,1.1202392643513972,0.008725240678223906,-0.08137272086761119,0.6157131564359433,3.6115275600992964
2016,31,2016-08-05,2016-08-12,627.39,655.71,0.04415026119567898,1.1708061780198196,0.09338803448452873,0.003992606940366242,0.6181763711094486,3.9650515813497647
2016,32,2016-08-12,2016-08-19,655.71,662.28,0.009969809209204398,1.1825372734577269,0.07543761083352808,-0.02085308352313356,0.6054189655270455,4.275736956441382
2016,33,2016-08-19,2016-08-26,662.28,667.75,0.008225424750660067,1.1923042585483437,0.05242988999969599,-0.01711139583589295,0.5951475318665834,4.505894213848335
2016,34,2016-08-26,2016-09-01,667.75,669.19,0.0021541737951678236,1.1948754575484333,0.04841444800091435,-0.020578290714880085,0.5830255653798745,4.729411674257231
2016,35,2016-09-01,2016-09-09,669.19,666.88,-0.003457906100345253,1.1907508258191233,0.0540625668783302,-0.017781781006160888,0.572749962469261,4.992133531871346
2016,36,2016-09-09,2016-09-16,666.88,651.31,-0.02362440034283753,1.1629497366306578,0.025990117635666474,-0.055527768674664385,0.5418133054064066,5.123580430668215
2016,37,2016-09-16,2016-09-23,651.31,674.09,0.034377913813030535,1.2036246763681815,0.07774787756292974,-0.0014444609812523832,0.5410312421935007,5.5378225117836575
2016,38,2016-09-23,2016-09-30,674.09,685.73,0.017120331089667182,1.2244085349522364,0.059831322268758536,-0.017688585403295622,0.5315453085670554,5.87927054563279
2016,39,2016-09-30,2016-10-07,685.73,683.95,-0.0025991487092994806,1.2212302472993484,0.05446549900085909,-0.0283905212299241,0.5166666657738781,6.208368849776589
2016,40,2016-10-07,2016-10-14,683.95,687.0,0.004449476686895897,1.2266761896259262,0.055391403350834235,-0.014928905186905657,0.5090106879821177,6.561961711907751
2016,41,2016-10-14,2016-10-21,687.0,684.83,-0.003163659943162415,1.2228015355771806,0.03680970816140377,-0.036581778291202,0.4907266422704846,6.808006240159143
2016,42,2016-10-21,2016-10-28,684.83,682.25,-0.0037744726907390407,1.218194804035354,0.04127174953538383,-0.03216474153997576,0.4751936924512279,7.094863399762731
2016,43,2016-10-28,2016-11-04,682.25,666.73,-0.02301099322668938,1.1904829925899474,0.02741216796601998,-0.043995070179711424,0.45474072634196533,7.2920391475553386
2016,44,2016-11-04,2016-11-11,666.73,679.2,0.01853046863537922,1.2127488617087763,0.07256191518993022,-0.00624648313058892,0.45190904928488473,7.840833484845143
2016,45,2016-11-11,2016-11-18,679.2,673.25,-0.008798903305429333,1.2021248102847961,0.05061988731380341,-0.021796322853288027,0.44216566446426503,8.247952831086884
2016,46,2016-11-18,2016-11-25,673.25,675.87,0.0038840181654528627,1.2068029640210696,0.048842417584008375,-0.023596414848105703,0.4318542743692984,8.660803017348252
2016,47,2016-11-25,2016-12-02,675.87,665.14,-0.01600320504307259,1.187643960360682,0.03447269166591272,-0.037306187535672955,0.41604025231453307,8.964569959809063
2016,48,2016-12-02,2016-12-09,665.14,663.07,-0.0031169795076591757,1.183947861798054,0.03324315384861541,-0.044498003762971625,0.3979331443637292,9.267589292085505
2016,49,2016-12-09,2016-12-16,663.07,675.16,0.01806913451429769,1.2055352200696368,0.05132716705468506,-0.031197647069083956,0.38571022114898684,9.755687595125698
2016,50,2016-12-16,2016-12-23,675.16,664.37,-0.016110476623012866,1.1862690831175788,0.04228711950501542,-0.02018924648897065,0.3780011048998258,10.17707434647607
2016,51,2016-12-23,2016-12-30,664.37,664.87,0.0007523096259247809,1.1871618605481655,0.060611155174584624,-0.017231508313975387,0.37154337372985463,10.81299587740754
2016,52,2016-12-30,2017-01-06,664.87,679.8,0.022207104438376816,1.21382019462548,0.06335135152871013,-0.018790951577484585,0.3646269071947857,11.52017774300992
2017,1,2017-01-06,2017-01-13,679.8,685.06,0.007707788405196898,1.2232122131952508,0.05145831771722457,-0.014232180221599366,0.3594742252617038,12.12850420839043
2017,2,2017-01-13,2017-01-20,685.06,686.26,0.0017501389993564412,1.2253548790286588,0.043951639441362496,-0.03230835492661732,0.34804581506373755,12.673459978533574
2017,3,2017-01-20,2017-01-25,686.26,697.28,0.015930487089686283,1.2450316935987864,0.06158688734743839,0.0006439939891165511,0.34827002666428836,13.47851489924088
2017,4,2017-01-25,2017-02-03,697.28,700.35,0.004393158328800665,1.2505133470225878,0.04294618796016804,-0.014392699173295316,0.34329338053372827,14.069975315182216
2017,5,2017-02-03,2017-02-10,700.35,703.78,0.004885597234686804,1.2566378001964116,0.06559004382039736,-0.00882965432037694,0.3402755614094188,15.02376319433133
2017,6,2017-02-10,2017-02-17,703.78,707.83,0.0057381445478867955,1.263869297384163,0.07273512303138295,-0.006233638177239694,0.3381610042185791,16.157240599761625
2017,7,2017-02-17,2017-02-24,707.83,714.47,0.009337057217018377,1.2757253816623524,0.07254856775484986,-0.019760269661951897,0.3315444394334012,17.372992605887767
2017,8,2017-02-24,2017-03-03,714.47,712.62,-0.002592690070443617,1.272422105169182,0.03796716168837928,-0.02534818607623127,0.3232460087014423,18.045277442129183
2017,9,2017-03-03,2017-03-10,712.62,712.21,-0.0005755072693812263,1.2716900276761012,0.06367805973989243,-0.010942802641508396,0.31972807455758284,19.231740646261457
2017,10,2017-03-10,2017-03-17,712.21,710.54,-0.0023475674109402125,1.268708151057942,0.06246195149770327,-0.010193744252809746,0.3164854038922603,20.471302436074712
2017,11,2017-03-17,2017-03-24,710.54,722.14,0.01619378157881525,1.2894205874475502,0.07014742253852083,-0.02480606812868835,0.3087312184460883,21.95887633830351
2017,12,2017-03-24,2017-03-31,722.14,722.31,0.0002353837111492969,1.2897241317739494,0.05603012448090872,-0.016366256803175407,0.3037195668955457,23.22435636399062
2017,13,2017-03-31,2017-04-07,722.31,727.95,0.0077779548954877995,1.2997946611909659,0.04512083455815533,-0.020129245122927478,0.29766704202861055,24.29625943558864
2017,14,2017-04-07,2017-04-14,727.95,718.45,-0.013136250844119282,1.2828318900098212,0.04527408991724077,-0.035630575251260205,0.2872477196007698,25.42153109173621
2017,15,2017-04-14,2017-04-21,718.45,712.41,-0.008442525300395002,1.2720471386483356,0.048494274646846545,-0.02361033842704485,0.280545140171703,26.68471075175178
2017,16,2017-04-21,2017-04-28,712.41,717.73,0.007439865382669414,1.2815462905097768,0.06689446071336567,-0.011104991872688985,0.2774469233460027,28.53082926097653
2017,17,2017-04-28,2017-05-05,717.73,720.0,0.003157758252611062,1.2855995000446396,0.06953331301571405,-0.007237287879061784,0.2754462086973601,30.585270721403642
2017,18,2017-05-05,2017-05-12,720.0,725.37,0.007430657490528276,1.2951879296491393,0.091544207958907,-0.002808117835447146,0.27467380828925697,33.517334476390786
2017,19,2017-05-12,2017-05-19,725.37,733.82,0.011581897432069424,1.3102758682260522,0.0647143073518851,-0.018711530812109165,0.26958202693495126,35.75810867159333
2017,20,2017-05-19,2017-05-26,733.82,743.41,0.012983942548346554,1.3273993393447023,0.07941977256829608,-0.009545724964737724,0.2670209143361663,38.71382734580645
2017,21,2017-05-26,2017-06-02,743.41,738.81,-0.006206925784651128,1.319185786983306,0.051521572945559035,-0.02332680660873596,0.26086425586876966,40.76070093818397
2017,22,2017-06-02,2017-06-09,738.81,749.72,0.014659019794390146,1.3386661905187047,0.06457076662997628,-0.008740859560986896,0.2585940144288861,43.479482995464146
2017,23,2017-06-09,2017-06-16,749.72,761.24,0.015248879158042348,1.3592357825194188,0.06999757186876511,-0.009242115104034323,0.2562150689596931,46.631988000614804
2017,24,2017-06-16,2017-06-23,761.24,769.01,0.010155290673437692,1.373109543790734,0.08078222953180048,-0.011593371277626142,0.2532618246450298,50.55535997365049
2017,25,2017-06-23,2017-06-30,769.01,776.47,0.009654033619937209,1.3864297830550851,0.061052001584054785,-0.019399892396144997,0.24839592408075467,53.73803161244675
2017,26,2017-06-30,2017-07-07,776.47,775.73,-0.0009534854478331595,1.385108472457817,0.057871648978582865,-0.014717685424081924,0.24476688206596817,56.939689203363024
2017,27,2017-07-07,2017-07-14,775.73,777.6,0.0024077316518608554,1.3884474600482108,0.05754288082536861,-0.020274339118701246,0.23985436260925894,60.31226630417013
2017,28,2017-07-14,2017-07-21,777.6,761.86,-0.02044944137358292,1.3603428265333461,0.02793230340470578,-0.05366194398253713,0.2273225587914808,62.02067565418637
2017,29,2017-07-21,2017-07-28,761.86,777.09,0.01979336200304118,1.3875368270690125,0.07196726258527009,-0.011161047420697283,0.22479950707405677,66.64866859339953
2017,30,2017-07-28,2017-08-04,777.09,788.68,0.01480448812237936,1.4082314079100087,0.06836093043553117,-0.019403455565105563,0.22047966528861107,71.36417557387072
2017,31,2017-08-04,2017-08-11,788.68,772.08,-0.021272490299186313,1.3785911972145353,0.03174019928363559,-0.036056616469570896,0.2126715279791164,73.66561966463136
2017,32,2017-08-11,2017-08-18,772.08,768.97,-0.004036214557724002,1.3730381215962868,0.030125207793762654,-0.02132486798406271,0.20818435000402064,75.91857678235664
2017,33,2017-08-18,2017-08-25,768.97,771.63,0.003453203483433557,1.3777876975270071,0.037983482922002376,-0.02757653770403825,0.20252178227732204,78.85769435007313
2017,34,2017-08-25,2017-09-01,771.63,788.73,0.02191889643248712,1.4083206856530675,0.051189372310837596,-0.00790161746285358,0.20092783828692926,82.99947339002135
2017,35,2017-09-01,2017-09-08,788.73,801.2,0.01568654683458584,1.4305865547718961,0.03579121309250774,-0.017030681002382565,0.19753487461820698,86.02392680067959
2017,36,2017-09-08,2017-09-15,801.2,805.82,0.005749788712175436,1.4388358182305159,0.06056236685818275,-0.00811169603683702,0.19593901308106212,91.39473227336791
2017,37,2017-09-15,2017-09-22,805.82,807.13,0.001624353250923711,1.4411748950986525,0.04926374023249376,-0.010486842386360046,0.1938949680551438,96.00992612528603
2017,38,2017-09-22,2017-09-29,807.13,804.42,-0.0033632249132376376,1.4363360414248734,0.036005865433005095,-0.025919444414331246,0.18893389014186857,99.52983502280667
2017,39,2017-09-29,2017-10-06,804.42,807.8,0.00419298228778768,1.4423712168556384,0.03374548798561762,-0.022511650939535017,0.1847281925644219,102.94583093946896
2017,40,2017-10-06,2017-10-13,807.8,820.95,0.01614770312872449,1.465851263280065,0.05061059608108179,-0.012534214761819533,0.1824272202913099,108.29007787359055
2017,41,2017-10-13,2017-10-20,820.95,826.84,0.007148999672998393,1.4763681814123746,0.03382991166158336,-0.026106766479468954,0.1777262658089048,112.01619336079295
2017,42,2017-10-20,2017-10-27,826.84,840.37,0.016231065115640556,1.5005267386840466,0.036563289379702005,-0.03485192101801632,0.17163885910213234,116.1876706006068
2017,43,2017-10-27,2017-11-03,840.37,843.73,0.003990267155422914,1.5065262030175885,0.03085788295431773,-0.05285267228798423,0.16280284694190914,119.82886702013548
2017,44,2017-11-03,2017-11-10,843.73,868.21,0.02860108268045277,1.550236586019106,0.07572892839908958,-0.0007042575100665149,0.16268823217818135,129.25582048693403
2017,45,2017-11-10,2017-11-17,868.21,890.69,0.025562822367514282,1.5903758592982775,0.0626125158641804,-0.009981890722554723,0.1610723740988545,137.6075868567648
2017,46,2017-11-17,2017-11-24,890.69,935.57,0.04915952596082913,1.6705115614677266,0.0802863621691648,-0.004130310438011717,0.1604084672054489,149.11121295305836
2017,47,2017-11-24,2017-12-01,935.57,960.33,0.02612100618249185,1.7147218998303728,0.08496357236872078,0.00546250208140732,0.16128709636345792,162.3340088269686
2017,48,2017-12-01,2017-12-08,960.33,940.16,-0.0212269018479291,1.6787072582805111,0.05606210410376546,-0.023589715364758755,0.1575269049600199,171.69473434357872
2017,49,2017-12-08,2017-12-15,940.16,935.16,-0.005332435901987904,1.6697794839746454,0.051094809240021,-0.026948408344050323,0.15333849456815982,180.69543039026522
2017,50,2017-12-15,2017-12-22,935.16,952.32,0.018183475121147864,1.7004196053923761,0.0541035650367887,-0.022995727440431254,0.14985259831252007,190.74099753225488
2017,51,2017-12-22,2017-12-29,952.32,984.24,0.03296865698729578,1.7574145165610215,0.05572659446137305,-0.012723688350495607,0.14795799925705064,201.67209137871336
2017,52,2017-12-29,2018-01-05,984.24,1012.65,0.02845616640407575,1.8081421301669498,0.07731262685285546,-0.005431132896058168,0.1471565979285338,217.88244958128797
2018,1,2018-01-05,2018-01-12,1012.65,1050.11,0.03632426341319653,1.8750290152664943,0.09013114954071734,-0.0019322853657369585,0.14687252393228561,238.43264148350974
2018,2,2018-01-12,2018-01-19,1050.11,1062.07,0.011324913431505696,1.8963842514061247,0.05906448555314978,-0.02396540530871493,0.14339450687405852,252.93975310397525
2018,3,2018-01-19,2018-01-26,1062.07,1115.64,0.04920839725507559,1.9920364253191685,0.07744780629609042,-0.022988822505155965,0.14013563830380732,273.3079377607541
2018,4,2018-01-26,2018-02-02,1115.64,1105.04,-0.009546697864062563,1.9731095437907333,0.044785767711811086,-0.03586249153909022,0.13519907299912157,285.82647741212617
2018,5,2018-02-02,2018-02-09,1105.04,1003.94,-0.09594927488196217,1.7925899473261322,0.0006458821746056015,-0.08711216596833234,0.12391999318353761,286.0111472699819
2018,6,2018-02-09,2018-02-13,1003.94,1059.73,0.0540819001693585,1.8922060530309799,0.08343490273951107,0.01991879659297368,0.12641307751257,310.89825032301053
2018,7,2018-02-13,2018-02-23,1059.73,1102.85,0.039883579579496085,1.969199178644764,0.059705117109428295,-0.0031831118022099332,0.12601133029595463,330.02579114046694
2018,8,2018-02-23,2018-03-02,1102.85,1121.21,0.016510721007603035,2.001981965895903,0.06719243058082063,-0.024911075022853706,0.12291102883999692,352.96300048808075
2018,9,2018-03-02,2018-03-09,1121.21,1123.41,0.0019602433413835035,2.0059101865904836,0.0683149403331347,-0.017723776045104667,0.12075177289974695,377.91835389088595
2018,10,2018-03-09,2018-03-16,1123.41,1150.19,0.02355844349412666,2.053727345772699,0.06289153049976842,-0.015802193724812248,0.11885862731293849,402.4495340644574
2018,11,2018-03-16,2018-03-23,1150.19,1153.59,0.002951672875452636,2.0597982323006874,0.040592232845919514,-0.03866682774207255,0.11435046116176217,419.12195542458653
2018,12,2018-03-23,2018-03-30,1153.59,1174.46,0.017929648496299234,2.0970627622533704,0.060618803872475965,-0.020791637689596673,0.11199747379825285,445.31448681635817
2018,13,2018-03-30,2018-04-06,1174.46,1199.96,0.021479755413728593,2.1425944112132846,0.0869024090228371,-0.005524304528476702,0.11138047147008492,485.7446884864217
2018,14,2018-04-06,2018-04-13,1199.96,1157.14,-0.03633677942082433,2.0661369520578523,0.028071964373342605,-0.05155175634095824,0.1057841031969989,499.5736915841361
2018,15,2018-04-13,2018-04-20,1157.14,1119.86,-0.03274776599037704,1.9995714668333184,0.0389570459407493,-0.031072819778075626,0.10254763630122903,519.4196672549837
2018,16,2018-04-20,2018-04-27,1119.86,1050.26,-0.06416592492933729,1.8752968484956702,0.013395559357150578,-0.07262659202092178,0.09536397084279534,526.4243956219649
2018,17,2018-04-27,2018-05-04,1050.26,1026.8,-0.022590582549666376,1.833407731452549,0.033782088240814995,-0.03273096435054865,0.09229314579254909,544.5119078397445
2018,18,2018-05-04,2018-05-11,1026.8,1044.85,0.017426164429121708,1.8656369966967237,0.05438924730324452,-0.01594735833534857,0.09083298770211747,574.9476877013738
2018,19,2018-05-11,2018-05-18,1044.85,1040.54,-0.004133525275110192,1.8579412552450678,0.0501818483967198,-0.022201762311935262,0.08883855715909869,604.5358098814265
2018,20,2018-05-18,2018-05-25,1040.54,963.9,-0.07650753336107424,1.7210963306847606,0.012292153663373542,-0.07478577694988688,0.08243705076419214,612.0127164490941
2018,21,2018-05-25,2018-06-01,963.9,992.87,0.02961218427004401,1.7728238550129456,0.0587124135908778,-0.020980522764998302,0.08072549578561225,649.021260092162
2018,22,2018-06-01,2018-06-08,992.87,1039.01,0.04542387663202044,1.8552093563074727,0.09544044579861378,0.008827963610935255,0.08144129238939599,714.0163920987428
2018,23,2018-06-08,2018-06-15,1039.01,1016.51,-0.021893144993667256,1.815034371931078,0.029876319165138887,-0.034213735601875864,0.07870200930531751,735.6704345947595
2018,24,2018-06-15,2018-06-22,1016.51,983.17,-0.03334842552389339,1.7555039728595663,0.015015545835813056,-0.047182295535830615,0.07507490817512252,746.8002789529456
2018,25,2018-06-22,2018-06-29,983.17,960.78,-0.023036590611985958,1.7155253995179003,0.04050757426110515,-0.03423795175353447,0.07254800197703051,777.6724028398024
2018,26,2018-06-29,2018-07-06,960.78,917.51,-0.046081975510549385,1.6382644406749398,0.018904337568955133,-0.07283275879077336,0.06745196265910987,792.5136242042223
2018,27,2018-07-06,2018-07-13,917.51,909.72,-0.008526619195678037,1.6243549683064016,0.03580211828449114,-0.02965071043337117,0.06548132384084006,821.4013255686551
2018,28,2018-07-13,2018-07-20,909.72,933.39,0.02568626008164924,1.6666190518703687,0.1025556097996805,0.004848918310476581,0.06579960847547688,910.111778162132
2018,29,2018-07-20,2018-07-27,933.39,935.52,0.0022794044894981773,1.6704222837246676,0.053150090601931745,-0.01864120439496414,0.06458438631714397,959.7928843480076
2018,30,2018-07-27,2018-08-03,935.52,959.6,0.025414006538179084,1.7134184447817158,0.06177737374770483,-0.017548081552577675,0.06346094022970719,1020.956170735719
2018,31,2018-08-03,2018-08-10,959.6,968.47,0.00920097566607932,1.7292563164003214,0.04353967515793025,-0.021980605106046994,0.062081249134446743,1066.390184639147
2018,32,2018-08-10,2018-08-17,968.47,968.88,0.0004232585811762383,1.7299883938934024,0.046829285416554754,-0.015015511312051416,0.061156031130175974,1117.5162301840026
2018,33,2018-08-17,2018-08-24,968.88,987.05,0.018579931498881645,1.7624319257209173,0.06758020288404026,-0.0059534457821276395,0.06079302365942798,1195.6485692607705
2018,34,2018-08-24,2018-08-31,987.05,989.54,0.002519491970693671,1.7668779573252387,0.06295788939237336,-0.009680202209635001,0.060207374073923646,1273.3441941244696
2018,35,2018-08-31,2018-09-07,989.54,968.9,-0.021078781291411983,1.7300241049906258,0.03541235213565929,-0.022877305275907384,0.058845627534070986,1319.2442245513653
2018,36,2018-09-07,2018-09-14,968.9,991.34,0.022896155887982755,1.7700919560753503,0.06400066196877872,-0.0015479787615207785,0.05875460622014602,1406.437170921415
2018,37,2018-09-14,2018-09-21,991.34,1002.97,0.011663313966480926,1.7908579591107936,0.07573154617424771,-0.0017854046446068438,0.058649799062742224,1517.0857481836154
2018,38,2018-09-21,2018-09-28,1002.97,1017.13,0.01401933757595658,1.8161414159450044,0.07355168720177718,-0.00012026084321488613,0.05864274621255191,1632.8760548163534
2018,39,2018-09-28,2018-10-05,1017.13,1008.39,-0.00862993625650713,1.8005356664583516,0.051521511603721225,-0.021500103149413627,0.05739537843766684,1719.2092081787284
2018,40,2018-10-05,2018-10-12,1008.39,970.08,-0.03873173624145097,1.73213105972681,0.012501108455087671,-0.057665367741279186,0.0541792729451757,1740.8361275296104
2018,41,2018-10-12,2018-10-19,970.08,958.36,-0.01215505206026129,1.7112043567538613,0.04302527106125378,-0.021681434799117272,0.05301723145587226,1817.37072855985
2018,42,2018-10-19,2018-10-26,958.36,900.82,-0.061918030637526385,1.6084635300419605,0.019328199380022268,-0.07359166797387573,0.04925571071728817,1852.8388960814232
2018,43,2018-10-26,2018-11-02,900.82,924.86,0.026336915080669345,1.651388268904562,0.0683536911486089,-0.011086692198665794,0.048712643784071356,1983.91604603396
2018,44,2018-11-02,2018-11-09,924.86,914.29,-0.011494566924838655,1.6325149540219623,0.03744285251255231,-0.020064414104890797,0.04774499326035408,2059.6077354251547
2018,45,2018-11-09,2018-11-16,914.29,898.19,-0.01776618056766919,1.6037675207570754,0.04521040108969786,-0.022570488348367817,0.04667943575780077,2154.860409023416
2018,46,2018-11-16,2018-11-23,898.19,917.97,0.021783083134139777,1.6390857959110794,0.06024036385421543,-0.011884460353674745,0.0461279593448684,2288.6595799342576
2018,47,2018-11-23,2018-11-30,917.97,926.54,0.009292507678138974,1.654388001071333,0.035008029800551156,-0.026841501174300588,0.04490628480627827,2370.199999869836
2018,48,2018-11-30,2018-12-07,926.54,958.59,0.03400623676522062,1.711615034371931,0.07065045907918009,0.003893564006982878,0.045081471128750834,2543.712934240028
2018,49,2018-12-07,2018-12-14,958.59,952.04,-0.006856404075887088,1.6999196500312472,0.03180802808970475,-0.014631824017649725,0.04442664927831818,2625.9239810409795
2018,50,2018-12-14,2018-12-21,952.04,912.26,-0.042682013551559095,1.6288902776537808,0.025035341823426115,-0.04234270920349856,0.042584774749767976,2692.4947191004558
2018,51,2018-12-21,2018-12-28,912.26,892.54,-0.02185370658717597,1.593679135791447,0.033858812633417654,-0.03852337449080586,0.040975462611662385,2785.220324393707
2018,52,2018-12-28,2019-01-04,892.54,880.9,-0.013127218460921726,1.572895277207392,0.011294159804900344,-0.041637808340802135,0.03930436597911132,2816.8553571122134
2019,1,2019-01-04,2019-01-11,880.9,902.71,0.024457238004478844,1.6118382287295778,0.06182509752194472,-0.0030603939012633485,0.03918426301211016,2996.5038887216783
2019,2,2019-01-11,2019-01-18,902.71,902.3,-0.0004542911197737627,1.6111061512364968,0.04410178670745192,-0.01866727406215363,0.038459584564892284,3131.612430365025
2019,3,2019-01-18,2019-01-25,902.3,908.88,0.007266013261194036,1.6228551022230158,0.05745494324396834,-0.015479521665714889,0.037868832666834815,3316.808311652205
2019,4,2019-01-25,2019-02-01,908.88,908.67,-0.0002310803014327476,1.6224801357021692,0.04425068206547669,-0.009306125233153372,0.0375180552882666,3466.875134720692
2019,5,2019-02-01,2019-02-15,908.67,950.89,0.045416396176956225,1.6978662619408982,0.07591573296889885,0.005869850120774691,0.03773892826107097,3740.313321260916
2019,7,2019-02-15,2019-02-22,950.89,988.91,0.039204938333574024,1.7657530577626996,0.049066048500565604,-0.01945205363137029,0.037011922406687596,3928.412625327269
2019,8,2019-02-22,2019-03-01,988.91,979.63,-0.009428377116868019,1.749183108651013,0.05952721536109775,-0.007677577675378312,0.03672884854874699,4169.360419869888
2019,9,2019-03-01,2019-03-08,979.63,985.25,0.005720466721234439,1.7592179269708057,0.07119259636833884,-0.007951664169745508,0.036437951171631254,4477.009243343884
2019,10,2019-03-08,2019-03-15,985.25,1004.12,0.01897139894673746,1.7929113472011424,0.06910348120219252,-0.004656051679000601,0.0362686885414603,4797.326219410113
2019,11,2019-03-15,2019-03-22,1004.12,988.71,-0.015465751878418303,1.7653959467904652,0.043930749379358223,-0.03224627872075709,0.03511781374044943,5012.774100189651
2019,12,2019-03-22,2019-03-29,988.71,980.76,-0.008073281827393478,1.7512007856441387,0.035519670093423814,-0.02149155471433465,0.034371129764832704,5194.026132742244
2019,13,2019-03-29,2019-04-05,980.76,989.26,0.008629407566585754,1.76637800196411,0.060769527805876494,-0.01132816025669265,0.0339839651702437,5519.452509820512
2019,14,2019-04-05,2019-04-12,989.26,982.9,-0.006449803310040733,1.755021873047049,0.040131837690667686,-0.023903761683496116,0.033181252710865465,5745.463058516599
2019,15,2019-04-12,2019-04-19,982.9,966.21,-0.017126183681783397,1.72522096241407,0.021071961988484763,-0.03199453658000713,0.03213643722648045,5867.815816727224
2019,16,2019-04-19,2019-04-26,966.21,979.64,0.013803955346626791,1.7492009641996247,0.046084395953043485,-0.014245651117289758,0.03168187818562448,6144.5583438786825
2019,17,2019-04-26,2019-05-03,979.64,974.14,-0.005630126757764228,1.7393804124631727,0.021434671608106012,-0.020151212435955215,0.031049839488551955,6277.686617514225
2019,18,2019-05-03,2019-05-10,974.14,952.55,-0.02241243141821899,1.700830283010445,0.03223912347681588,-0.032483778428417626,0.03005742926336264,6483.371466384704
2019,19,2019-05-10,2019-05-17,952.55,976.48,0.024811669734740874,1.7435586108383176,0.05797691169303289,-0.005811637888010615,0.02988325298360813,6870.367338706762
2019,20,2019-05-17,2019-05-24,976.48,970.03,-0.006627269941960474,1.7320417819837508,0.04376401990160707,-0.013139379906087158,0.029493173880619877,7177.718641931962
2019,21,2019-05-24,2019-05-31,970.03,959.88,-0.010518722205493602,1.7139184001428436,0.035910859194605696,-0.02370934034768011,0.028802134596954448,7440.160743143814
2019,22,2019-05-31,2019-06-07,959.88,958.28,-0.001668265807942406,1.7110615123649666,0.04449065306117723,-0.01591603264807031,0.028347347684562776,7778.652377554923
2019,23,2019-06-07,2019-06-14,958.28,953.61,-0.004885228007505637,1.702722971163288,0.04105463313813463,-0.019456490712509128,0.02780113866372335,8104.64812812759
2019,24,2019-06-14,2019-06-21,953.61,959.2,0.0058448208800217,1.7127042228372458,0.040489031739595,-0.015738129522723673,0.02736702576543358,8439.531282456706
2019,25,2019-06-21,2019-06-28,959.2,949.94,-0.009700779007998669,1.6961699848227827,0.03643118920189397,-0.022075526460516387,0.026769503835203965,8752.662685691022
2019,26,2019-06-28,2019-07-05,949.94,975.34,0.026387303453286815,1.7415230782965794,0.048805743566814434,-0.008507501896808396,0.026542728245217872,9190.43900036155
2019,27,2019-07-05,2019-07-12,975.34,975.4,6.151511735948676e-05,1.7416302115882498,0.04852939678455986,-0.014275235612407778,0.026166516192328595,9647.444883366838
2019,28,2019-07-12,2019-07-19,975.4,982.34,0.007089837333210205,1.7540219623247912,0.046488934854445885,-0.017692732438293366,0.025707630464160098,10106.532896858396
2019,29,2019-07-19,2019-07-26,982.34,993.35,0.01114558860490996,1.773680921346307,0.045968877238417645,-0.025519226929348875,0.02505989165724629,10581.962634769718
2019,30,2019-07-26,2019-08-02,993.35,991.1,-0.0022676318014097346,1.7696634229086676,0.057798584006420725,-0.02587185445687767,0.024419860879289837,11211.606063902684
2019,31,2019-08-02,2019-08-09,991.1,974.34,-0.01705511870761149,1.7397375234354064,0.0545816135569993,-0.018004308021426448,0.023984132446870348,11840.56219508205
2019,32,2019-08-09,2019-08-16,974.34,980.0,0.005792252959566259,1.749843763949646,0.04938448755227351,-0.01855143413699597,0.023543294127981024,12439.981480120201
2019,33,2019-08-16,2019-08-23,980.0,992.45,0.012624061793969108,1.7720739219712514,0.05202704377811203,-0.007863556524993454,0.023358886105521434,13104.329114251015
2019,34,2019-08-23,2019-08-30,992.45,984.06,-0.008489762655514158,1.7570931166860089,0.045723886677561325,-0.027862881368835635,0.0227170238241077,13717.419603041995
2019,35,2019-08-30,2019-09-06,984.06,974.08,-0.010193435009860913,1.7392732791715013,0.02393600598506289,-0.02912942444850623,0.022064835052501727,14049.720959016944
2019,36,2019-09-06,2019-09-13,974.08,987.22,0.013399476471981303,1.7627354700473157,0.04656934042783965,-0.018503791089697935,0.021660306155525767,14719.481307861031
2019,37,2019-09-13,2019-09-20,987.22,990.36,0.0031756011274000967,1.7683421123113992,0.04965941016124066,-0.01652282959699876,0.021305357064740883,15468.89580656396
2019,38,2019-09-20,2019-09-27,990.36,997.84,0.007524429424860576,1.7816980626729741,0.034593011247722925,-0.0231411854957918,0.020817986757487653,16013.374780817312
2019,39,2019-09-27,2019-10-04,997.84,987.59,-0.010325310954598673,1.7633961253459498,0.04518157203298995,-0.018215947943666794,0.020442200437526863,16753.47783877439
2019,40,2019-10-04,2019-10-11,987.59,991.84,0.0042941720907541696,1.7709847335059354,0.0373621419496581,-0.015949147617498886,0.020118750993024476,17391.263994046134
2019,41,2019-10-11,2019-10-18,991.84,989.2,-0.00266526830634813,1.7662708686724384,0.032295865025205636,-0.02213761742477924,0.019678263442066513,17962.098083748926
2019,42,2019-10-18,2019-10-25,989.2,996.57,0.00742284739897517,1.7794304079992842,0.04014665198209559,-0.017393035807821675,0.019338958030748428,18697.887093813562
2019,43,2019-10-25,2019-11-01,996.57,1015.59,0.018905620339592047,1.8133916614587968,0.028399157657043147,-0.0223775969955152,0.018911004762733823,19236.50326040634
2019,44,2019-11-01,2019-11-08,1015.59,1022.49,0.006771104532204209,1.8257119900008911,0.03666502824558797,-0.014179592689582231,0.018644746595190012,19954.89973122652
2019,45,2019-11-08,2019-11-15,1022.49,1010.03,-0.012260795553554915,1.8034639764306741,0.03629912041882143,-0.01938130965292239,0.01828686628521381,20692.552111749956
2019,46,2019-11-15,2019-11-22,1010.03,977.78,-0.03245061650970916,1.7458798321578413,0.0224969392736284,-0.03468878635446303,0.017663393365126213,21163.347066688788
2019,47,2019-11-22,2019-11-29,977.78,970.75,-0.007215727242991872,1.7333273814837942,0.03848424592577538,-0.01777357452109257,0.017352225203567256,21993.6773607942
2019,48,2019-11-29,2019-12-06,970.75,963.56,-0.007434209733080986,1.7204892420319595,0.041653616611087234,-0.02389198584810333,0.016942559436100842,22929.14103772578
2019,49,2019-12-06,2019-12-13,963.56,966.18,0.002715393379263854,1.7251673957682332,0.04853898745066187,-0.014343405624783239,0.016701279955106774,24069.551619279584
2019,50,2019-12-13,2019-12-20,966.18,956.41,-0.01016346085224978,1.707722524774572,0.032558540745680466,-0.026381772293086393,0.016266431843086935,24866.11825399148
2019,51,2019-12-20,2019-12-27,956.41,963.51,0.0073961752220442255,1.7203999642889012,0.04512788662440213,-0.018027548430759006,0.015975815377086262,26013.979088712596
2019,52,2019-12-27,2020-01-03,963.51,965.14,0.001690301908684426,1.7233104187126134,0.032882643447531036,-0.019893144969021948,0.01566114642049324,26883.60696238461
2020,1,2020-01-03,2020-01-10,965.14,968.54,0.0035166144386483684,1.729381305240602,0.031099403232760236,-0.037803398191676774,0.015080152822093375,27732.807467588882
2020,2,2020-01-10,2020-01-17,968.54,978.96,0.010701000702325877,1.7479867868940255,0.03629110527169338,-0.023230727558636206,0.014733867701065221,28757.747314348115
2020,3,2020-01-17,2020-01-22,978.96,991.46,0.012687820553865052,1.7703062226586894,0.05185317526004317,-0.0006642743554830374,0.014724083620610973,30288.266036992827
2020,4,2020-01-22,2020-01-31,991.46,936.62,-0.05690095387681331,1.672386394071956,0.019668975374458147,-0.061937131733219,0.013839784274593451,30889.902586987206
2020,5,2020-01-31,2020-02-07,936.62,940.75,0.004399779119082096,1.679760735648601,0.04669683857388675,-0.02750109608778123,0.013464360974623753,32366.572975820927
2020,6,2020-02-07,2020-02-14,940.75,937.45,-0.003514006384586818,1.67386840460673,0.07757135157477867,-0.006902679748364411,0.013371740834139155,34977.239275315915
2020,7,2020-02-14,2020-02-21,937.45,933.09,-0.004661763871366115,1.6660833854120154,0.05735256238534816,-0.013069680614403336,0.013198113550278829,37041.914874384034
2020,8,2020-02-21,2020-02-28,933.09,882.19,-0.056094206909117636,1.575198642978304,0.015427475013515709,-0.06320039139365652,0.012389799525065057,37617.80896421262
2020,9,2020-02-28,2020-03-06,882.19,891.44,0.010430680430322463,1.5917150254441554,0.08152778236381879,-0.002416967719735731,0.012359889939370861,40813.192033022955
2020,10,2020-03-06,2020-03-13,891.44,761.78,-0.15718033264879824,1.3601999821444501,-0.03520010598922423,-0.1760945003678506,0.010364246503836804,39401.55400598663
2020,11,2020-03-13,2020-03-20,761.78,709.73,-0.07077318407019846,1.26726185162039,0.0533969440044289,-0.05097004487954537,0.0098492174188117,41562.66138296007
2020,12,2020-03-20,2020-03-27,709.73,696.06,-0.01944875250443143,1.2428533166681535,0.016662428072014037,-0.08936551766507643,0.009007220058957632,42260.998074274285
2020,13,2020-03-27,2020-04-03,696.06,701.8,0.008212599633744395,1.2531024015712873,0.05032046224592926,-0.025602337961737033,0.00877954115941789,44442.00548261246
2020,14,2020-04-03,2020-04-10,701.8,757.94,0.07695576368745832,1.3533434514775458,0.14180298360424953,0.035140514003262874,0.009093543539349125,51212.72699253596
2020,15,2020-04-10,2020-04-17,757.94,789.6,0.04092226128269891,1.4098741183822865,0.13643170193496107,0.02836518284928125,0.009355176658312286,58698.8289660475
2020,16,2020-04-17,2020-04-24,789.6,776.66,-0.01652381395546256,1.3867690384787064,0.06087884262850648,-0.029655226613959692,0.009081820033750874,62383.362909912095
2020,17,2020-04-24,2020-04-29,776.66,769.11,-0.00976867197495341,1.3732880992768495,0.05977677912578584,-0.00894486152351934,0.009000946650998527,66226.14992499836
2020,18,2020-04-29,2020-05-08,769.11,813.73,0.05639461345892494,1.4529595571823934,0.0843645256530815,-0.003482459578350468,0.008969655734419055,72055.73556144355
2020,19,2020-05-08,2020-05-15,813.73,827.03,0.016212354413247452,1.4767074368359958,0.07975013046875963,0.0008116099083667699,0.008976938550890982,78037.54484443752
2020,20,2020-05-15,2020-05-22,827.03,852.74,0.03061372440262356,1.5226140523167564,0.06269754409776997,-0.009050922889488108,0.008896055557307322,83086.94578912799
2020,21,2020-05-22,2020-05-29,852.74,864.47,0.013661907917594814,1.543558610838317,0.08105356535079958,0.00016068653812077125,0.008897485148532712,90101.89210854907
2020,22,2020-05-29,2020-06-05,864.47,886.22,0.024848624398496607,1.582394429068832,0.10339765017782945,0.004177828538993745,0.008934735073630825,99916.89741718015
2020,23,2020-06-05,2020-06-12,886.22,863.52,-0.025948167909410666,1.5418623337202024,0.06432034027660023,-0.04192796824673658,0.008567864595607252,106554.77316316759
2020,24,2020-06-12,2020-06-19,863.52,868.56,0.0058196090532640025,1.5508615302205149,0.06538240710973385,-0.013818997376683819,0.00845027962166884,113754.37993955014
2020,25,2020-06-19,2020-06-26,868.56,851.98,-0.01927361554820749,1.5212570306222648,0.03868111623736055,-0.0340741824633869,0.0081671936035109,118240.7355840062
2020,26,2020-06-26,2020-07-03,851.98,847.61,-0.005142428032908249,1.5134541558789383,0.03911984252931644,-0.033657527148645894,0.00789688061418165,122957.9615355025
2020,27,2020-07-03,2020-07-10,847.61,871.21,0.027462425630962475,1.5555932506026235,0.06760616187058356,-0.002183368436156736,0.00787965762321395,131558.11362326198
2020,28,2020-07-10,2020-07-17,871.21,872.02,0.0009293094523316435,1.5570395500401737,0.05321061638356083,-0.011368050479110794,0.007790588507911755,138747.99458403044
2020,29,2020-07-17,2020-07-24,872.02,829.16,-0.05039921929446466,1.4805106686902942,0.005218972319636037,-0.07859006195549231,0.007201766489262278,139474.00940488424
2020,30,2020-07-24,2020-07-31,829.16,798.39,-0.037815940262595604,1.4255691456119977,0.013232703529029223,-0.06718799030964955,0.006733791455370522,141331.89292200518
2020,31,2020-07-31,2020-08-07,798.39,841.46,0.052541278467180416,1.5024729934827237,0.11421134101876312,0.03365491054517449,0.006964273272652781,158431.4988426821
2020,32,2020-08-07,2020-08-14,841.46,850.74,0.010968080641626255,1.5190429425944099,0.07578792795330946,-0.0006677790356664595,0.006959624229402225,170905.4097153992
2020,33,2020-08-14,2020-08-21,850.74,854.78,0.00473756690783524,1.526256584233549,0.07309907951842193,0.000911074599824723,0.0069659678555815,183866.38464516282
2020,34,2020-08-21,2020-08-28,854.78,878.98,0.027918018412408558,1.5694670118739382,0.09464931317873064,0.012176710706700627,0.007051308963468014,202119.40499352038
2020,35,2020-08-28,2020-09-04,878.98,901.54,0.02534226785488703,1.6097491295420037,0.05370775851032649,-0.017813841980911082,0.006926810252296064,213271.58385391024
2020,36,2020-09-04,2020-09-11,901.54,888.97,-0.014040922989926846,1.5873047049370577,0.06343307332205365,-0.007423996027268945,0.006875576057049592,227238.35041061
2020,37,2020-09-11,2020-09-18,888.97,900.95,0.013386273010097574,1.6086956521739113,0.0662600662528029,0.0008024530361815498,0.006881095598222168,242805.21430529925
2020,38,2020-09-18,2020-09-25,900.95,908.27,0.008091929054884518,1.6217659137576985,0.04419423564247868,-0.01691698680461682,0.006765667297111326,253776.45226933373
2020,39,2020-09-25,2020-10-02,908.27,909.91,0.001804002293250616,1.6246942237300224,0.05867516100279168,-0.008162548551851324,0.006710666986043759,269112.34486598836
2020,40,2020-10-02,2020-10-09,909.91,924.0,0.015366378120725686,1.6498526917239513,0.06773942236773071,-0.0009567394780382099,0.006704249696340948,287973.4688056227
2020,41,2020-10-09,2020-10-16,924.0,943.3,0.020672294014123203,1.684313900544592,0.03672427444654281,-0.03464631897843601,0.006475949834291561,298745.67559235275
2020,42,2020-10-16,2020-10-23,943.3,961.26,0.01886055823087041,1.716382465851261,0.05262075526821915,-0.008785459513823124,0.006419304829747496,314886.8548675606
2020,43,2020-10-23,2020-10-30,961.26,925.47,-0.037943207309359225,1.6524774573698757,0.014683557076620838,-0.06035193712739461,0.006043346366654568,319544.6266153505
2020,44,2020-10-30,2020-11-06,925.47,938.29,0.013757353089687981,1.675368270690115,0.06879774521452518,0.005589123142080173,0.006077217941715911,342302.44408532395
2020,45,2020-11-06,2020-11-13,938.29,966.29,0.029404926531732174,1.725363806802962,0.08531991151769297,0.004723659239952386,0.006105992555631079,372789.753509845
2020,46,2020-11-13,2020-11-20,966.29,990.0,0.0242409469298968,1.7676993125613762,0.09667880032808854,0.006528802198559024,0.006145987791678018,410630.3415689776
2020,47,2020-11-20,2020-11-27,990.0,1010.22,0.020218464769127763,1.8038032318542967,0.06641376620943287,-0.008159099752063354,0.006096046080965613,438827.83631437906
2020,48,2020-11-27,2020-12-04,1010.22,1021.49,0.011094216786787597,1.8239264351397173,0.0813414902413923,-0.00022101558014445152,0.006094698908682959,476014.660911931
2020,49,2020-12-04,2020-12-11,1021.49,1045.96,0.023672778291332602,1.8676189625926232,0.07175389042324969,-0.005710355325359381,0.006059995191892265,511425.8169206069
2020,50,2020-12-11,2020-12-18,1045.96,1067.46,0.020346870698855494,1.9060083921078452,0.1129457516194663,0.0053629264702118404,0.006092581802211881,572577.6137078248
2020,51,2020-12-18,2020-12-25,1067.46,1084.42,0.015763287158521436,1.9362914025533415,0.11400704821146813,0.0016095946006711129,0.0061023962855356086,641722.1002012687
2020,52,2020-12-25,2020-12-31,1084.42,1103.87,0.017776905447089514,1.9710204446031583,0.0865595468395639,0.0025210673633580417,0.00611780024670255,699744.2359663725
2020,53,2020-12-31,2021-01-08,1103.87,1167.69,0.05620525092119644,2.0849745558432264,0.12298164779838312,0.019264416959215405,0.006236798638669751,791315.3325903887
2021,1,2021-01-08,2021-01-15,1167.69,1194.2,0.02244906691134573,2.1323096152129253,0.11516241642986956,0.01061809337596848,0.006303374377186768,887899.8501899469
2021,2,2021-01-15,2021-01-22,1194.2,1166.78,-0.023228687164415746,2.0833497009195585,0.05879627189869362,-0.05273585192666632,0.005979573554759205,941670.3130900431
2021,3,2021-01-22,2021-01-29,1166.78,1056.61,-0.09918214794353201,1.8866351218641173,-0.011536084761716262,-0.14215503935979423,0.005187200838186926,930869.5436180996
2021,4,2021-01-29,2021-02-05,1056.61,1126.91,0.06441370381584106,2.012159628604587,0.10094765483284049,0.005634091335710942,0.005216508484939292,1029745.3290315175
2021,5,2021-02-05,2021-02-09,1126.91,1114.93,-0.010687751166388166,1.9907686813677332,0.029245537833071638,-0.01901289729072424,0.005118264456216536,1060305.4809014334
2021,6,2021-02-09,2021-02-19,1114.93,1173.5,0.05119911363668082,2.095348629586642,0.09749461222638335,0.029657348295614155,0.005272331931810834,1168886.5959847162
2021,7,2021-02-19,2021-02-26,1173.5,1168.47,-0.00429553558269671,2.0863672886349414,0.06658322481180624,-0.02054175788381405,0.005165133754736816,1249364.3390045047
2021,8,2021-02-26,2021-03-05,1168.47,1168.69,0.00018826267833598539,2.0867601107043994,0.10783159559634786,0.0008307519395939673,0.005169426482470886,1391617.1508435544
2021,9,2021-03-05,2021-03-12,1168.69,1181.56,0.010952135853926412,2.109740201767697,0.09361813488330642,0.006827270540456461,0.005204840307931476,1528190.9094094012
2021,10,2021-03-12,2021-03-19,1181.56,1194.05,0.010515290882027507,2.1320417819837494,0.08558048180219067,-0.004794945147928752,0.005179943122173192,1664733.5913833329
2021,11,2021-03-19,2021-03-26,1194.05,1162.21,-0.027027525147663087,2.0751897152039978,0.024448751242550432,-0.05789102401302254,0.004888585764396144,1705935.8686189733
2021,12,2021-03-26,2021-04-02,1162.21,1224.45,0.05216839859046633,2.1863226497634116,0.10085874474102054,0.019225844411651257,0.004983482263301154,1886970.44047502
2021,13,2021-04-02,2021-04-09,1224.45,1231.66,0.005871089414177195,2.19919650031247,0.0786660919362442,-0.006506361112088757,0.004951163181920411,2041405.810623901
2021,14,2021-04-09,2021-04-16,1231.66,1238.71,0.0057076625276528525,2.21178466208374,0.05309105261187459,-0.05531235779451126,0.0046847388735167155,2152714.805823087
2021,15,2021-04-16,2021-04-23,1238.71,1248.53,0.007896343758436713,2.22931881082046,0.03728503088046559,-0.03916555935003268,0.004504805059431058,2234493.9388729483
2021,16,2021-04-23,2021-04-29,1248.53,1239.39,-0.007347536190487655,2.212998839389338,0.043860898828767224,-0.029808780265672095,0.004372503978545539,2334681.958644416
2021,17,2021-04-29,2021-05-07,1239.39,1241.81,0.0019506696496567188,2.2173198821533764,0.04601530494154501,-0.033459566951075145,0.004228622419471988,2444623.1511475034
2021,18,2021-05-07,2021-05-14,1241.81,1266.36,0.019576650746088345,2.261155253995176,0.07248560820874736,-0.006080333292700104,0.0042029889946490215,2628403.3980100066
2021,19,2021-05-14,2021-05-21,1266.36,1283.93,0.013779043158838078,2.2925274529059876,0.06208033496195141,-0.032137537852920374,0.00407006267954405,2796746.9097699923
2021,20,2021-05-21,2021-05-28,1283.93,1320.46,0.028054474092322514,2.3577537719846413,0.09256844291597127,-0.005843419910550768,0.004046348946372011,3067998.4145168043
2021,21,2021-05-28,2021-06-04,1320.46,1374.05,0.03978242249992344,2.453441656994908,0.11897037979698322,0.015961814742352545,0.004111454235634513,3455598.7664151695
2021,22,2021-06-04,2021-06-11,1374.05,1351.74,-0.0163699318049768,2.413605928042136,0.060564778394552245,-0.032129182875615,0.003981456119955581,3671353.976357106
2021,23,2021-06-11,2021-06-18,1351.74,1377.77,0.019073598662578014,2.4600839210784717,0.09822445768588751,0.011368439795360896,0.004026977326433056,4050275.8203985295
2021,24,2021-06-18,2021-06-25,1377.77,1390.12,0.008923824254003867,2.4821355236139593,0.04689571146274271,-0.029802821894002424,0.003908732800689343,4244740.529338102
2021,25,2021-06-25,2021-07-02,1390.12,1420.27,0.021456920032209077,2.5359700026783285,0.06845213374456521,-0.015281068823576495,0.0038494572361932045,4545477.705418668
2021,26,2021-07-02,2021-07-09,1420.27,1347.14,-0.0528631676867307,2.4053923756807394,0.003897931243646667,-0.09627856449353137,0.003496119350101892,4563230.241589143
2021,27,2021-07-09,2021-07-16,1347.14,1299.31,-0.03615047236815799,2.3199892866708294,0.037032513705830335,-0.03865270098379295,0.003363563223592024,4735386.136623549
2021,28,2021-07-16,2021-07-23,1299.31,1268.83,-0.023738138321550886,2.265565574502273,0.05093165944955543,-0.028812885137996347,0.0032680321348470404,4982814.70016928
2021,29,2021-07-23,2021-07-30,1268.83,1310.05,0.031970088416293445,2.3391661458798287,0.07555536886659812,0.009982470989594693,0.0033008185432489754,5373880.649521071
2021,30,2021-07-30,2021-08-06,1310.05,1341.45,0.02368581405454862,2.3952325685206644,0.09034023881911231,0.014717277965841198,0.0033497568432206306,5881962.942115868
2021,31,2021-08-06,2021-08-13,1341.45,1357.05,0.011562107679560353,2.4230872243549646,0.11281483758453556,0.007431483704491733,0.003374743234601817,6584414.239487453
2021,32,2021-08-13,2021-08-20,1357.05,1329.43,-0.020562947215614427,2.3737701990893636,0.08774110169714752,-0.03147310402088969,0.0032701836282903506,7188240.875741718
2021,33,2021-08-20,2021-08-27,1329.43,1313.2,-0.01228337229680828,2.3447906436925234,0.06700925315626219,-0.018762152992118506,0.0032093999422235404,7686424.587819202
2021,34,2021-08-27,2021-09-01,1313.2,1334.65,0.016202178549106803,2.3830907954646867,0.09212063802022505,0.018583206844258373,0.00326959849388261,8428142.218726303
2021,35,2021-09-01,2021-09-10,1334.65,1345.31,0.007955384573581872,2.402124810284792,0.08331659545585134,-0.01582598980655067,0.0032182611649684556,9160428.580060016
2021,36,2021-09-10,2021-09-17,1345.31,1352.64,0.005433768628298833,2.415212927417191,0.10576677784489474,-0.006729188936488374,0.0031966775790019377,10182389.857634943
2021,37,2021-09-17,2021-09-24,1352.64,1351.17,-0.001087354617992133,2.4125881617712666,0.05292509373264481,-0.03449328603996857,0.00308829366942167,10735809.514515365
2021,38,2021-09-24,2021-10-01,1351.17,1334.89,-0.012121992324647939,2.3835193286313685,0.05440285986189852,-0.04185068865034301,0.0029617136575928625,11336047.553018201
2021,39,2021-10-01,2021-10-08,1334.89,1372.73,0.027952566321853403,2.4510847245781586,0.09234913379411461,0.017443147091979926,0.0030138284663248148,12432783.70585591
2021,40,2021-10-08,2021-10-15,1372.73,1392.7,0.014442851301407942,2.486742255155786,0.07188882931627671,-0.0026831750396652285,0.0030057526762344252,13359472.186872957
2021,41,2021-10-15,2021-10-22,1392.7,1389.24,-0.0024874740534089534,2.480564235336127,0.09845287821643856,-0.007246987743681253,0.0029840487624165314,14741675.322919719
2021,42,2021-10-22,2021-10-29,1389.24,1444.27,0.03884716857785703,2.5788233193464825,0.11792309871814864,0.017335528023308844,0.0030362298095798906,16586707.76066962
2021,43,2021-10-29,2021-11-05,1444.27,1456.51,0.008439159566541614,2.6006785108472417,0.09035598361821515,-0.014783716506025535,0.0029916732163639257,18155210.89050359
2021,44,2021-11-05,2021-11-12,1456.51,1473.37,0.011509130821752984,2.63078296580662,0.12461671824222938,0.010259335697662289,0.0030225237787313325,20564665.56379276
2021,45,2021-11-12,2021-11-19,1473.37,1452.35,-0.01436935980221157,2.5932506026247615,0.10646564224036978,-0.04382065665407354,0.0028929348737116857,22874894.094286345
2021,46,2021-11-19,2021-11-26,1452.35,1493.03,0.027624677938666787,2.6658869743772833,0.07317087685536622,-0.04026511730897205,0.0027787644785924152,24611427.26991871
2021,47,2021-11-26,2021-12-03,1493.03,1443.32,-0.03386159669777658,2.577127042228368,0.04937264636078969,-0.04646404311854053,0.002652605471140744,25857055.52216679
2021,48,2021-12-03,2021-12-10,1443.32,1463.54,0.013912143086949626,2.6132309615212885,0.06697704473920585,-0.021498035816883938,0.002596188266085533,27648197.869885392
2021,49,2021-12-10,2021-12-17,1463.54,1479.79,0.011042027301244794,2.6422462280153516,0.09967181761927332,-0.0017644858767700974,0.002591611367680366,30545957.932666592
2021,50,2021-12-17,2021-12-24,1479.79,1477.03,-0.0018668710314443534,2.637318096598514,0.08154499822595,-0.030578801065058933,0.00251356240274679,33141204.76678287
2021,51,2021-12-24,2021-12-31,1477.03,1498.28,0.014284468731199465,2.6752611373984423,0.07969995697716259,-0.010057180689459936,0.0024884097459045213,35890668.17074902
2021,52,2021-12-31,2022-01-07,1498.28,1528.48,0.01995599402328109,2.7291848942058707,0.11549148605228184,-0.004903021689424885,0.0024762388803390056,40284581.72276535
2022,1,2022-01-07,2022-01-14,1528.48,1496.02,-0.021465529092682595,2.6712257834121913,0.020886554213479968,-0.09491948240436618,0.0022520059358617428,41134836.35770655
2022,2,2022-01-14,2022-01-21,1496.02,1472.89,-0.015581791283743492,2.6299258994732577,0.01761498292432695,-0.07016708708848747,0.0020994056041117207,41865845.25050476
2022,3,2022-01-21,2022-01-28,1472.89,1478.96,0.004112680898918039,2.6407642174805783,0.03569699054768273,-0.07265281185878497,0.0019522868853475686,43387324.485791266
2022,4,2022-01-28,2022-02-11,1478.96,1501.71,0.015265320739537477,2.6813855905722668,0.11796197214818924,0.027667260272154003,0.0020070554694346875,48819474.850565895
2022,6,2022-02-11,2022-02-18,1501.71,1504.84,0.0020821214553373092,2.686974377287738,0.0912371299432486,0.0007074485020649663,0.0020084758601875154,53483138.60686668
2022,7,2022-02-18,2022-02-25,1504.84,1498.89,-0.0039617460839131155,2.6763503258637584,0.06680896492926722,-0.016794346302431006,0.001975026487422486,57178354.15656608
2022,8,2022-02-25,2022-03-04,1498.89,1505.33,0.0042873090948580515,2.687849299169713,0.09869274237540686,-0.0008159440366423923,0.0019734156336105152,63109300.095577136
2022,9,2022-03-04,2022-03-11,1505.33,1466.54,-0.026106258377684252,2.618587626104808,0.05315837986767053,-0.040646208314992674,0.0018948120608140715,66554857.01826475
2022,10,2022-03-11,2022-03-18,1466.54,1469.1,0.0017440835040556147,2.6231586465494114,0.06534247566186148,-0.022082807429311267,0.0018534279117931177,71048944.65181023
2022,11,2022-03-18,2022-03-25,1469.1,1498.5,0.01981463938033668,2.675653959467901,0.09305610240081817,0.007844099253622748,0.0018680235542879071,77977872.70969678
2022,12,2022-03-25,2022-04-01,1498.5,1516.44,0.011900874801871787,2.707686813677346,0.05960935868449153,-0.033140754097594774,0.0018071304400777593,82767416.37660071
2022,13,2022-04-01,2022-04-08,1516.44,1482.0,-0.022972955702557557,2.6461923042585447,0.015480683279671018,-0.07365943824418178,0.00167880252537023,84058681.58153069
2022,14,2022-04-08,2022-04-15,1482.0,1458.56,-0.01594287923876751,2.6043388983126468,0.05337303937982029,-0.05265839630902053,0.0015926867347159047,88667035.91668983
2022,15,2022-04-15,2022-04-22,1458.56,1379.23,-0.05592427520426246,2.4626908311757845,-0.02412289668491762,-0.17433674152281134,0.0013378791268061948,86553722.2728579
2022,16,2022-04-22,2022-04-29,1379.23,1366.8,-0.009053131171865491,2.4404963842514027,0.08031402137303553,-0.014532720364475414,0.0013185767016697081,93791976.05851622
2022,17,2022-04-29,2022-05-06,1366.8,1329.26,-0.02784984484567893,2.373466654762964,0.010151197668865465,-0.07569480368257045,0.0012224512874035593,94748925.82280998
2022,18,2022-05-06,2022-05-13,1329.26,1182.77,-0.11676325128292835,2.111900723149716,-0.061675209124759586,-0.1918442499974413,0.0010090545919077092,89081822.18762104
2022,19,2022-05-13,2022-05-20,1182.77,1240.71,0.047824651269963166,2.2153557718060854,0.12485231156770603,0.03313982992234983,0.0010430547576592579,100928022.00616358
2022,20,2022-05-20,2022-05-27,1240.71,1285.45,0.03542505519555608,2.2952414962949703,0.09953874070510257,0.022202807703961297,0.001066472509789505,111491276.49025653
2022,21,2022-05-27,2022-06-03,1285.45,1287.98,0.0019662480153795703,2.2997589500937377,0.06829449881589619,-0.033753967771570484,0.001031075585061751,119371544.15557896
2022,22,2022-06-03,2022-06-10,1287.98,1284.08,-0.0030325909884662727,2.2927952861351626,0.04733182506782428,-0.031524293056056564,0.000999078646376717,125157466.18234177
2022,23,2022-06-10,2022-06-17,1284.08,1217.3,-0.053407217189411674,2.1735559325060225,0.009704594799251214,-0.18105352727416807,0.0008336219259510219,126377981.40165763
2022,24,2022-06-17,2022-06-24,1217.3,1185.48,-0.02648753557116768,2.1167395768234942,0.041070533940394664,-0.053286011981489294,0.0007903642865531428,131676453.34947659
2022,25,2022-06-24,2022-07-01,1185.48,1198.9,0.01125671386922516,2.1407017230604377,0.07047900106078797,-0.007129256228282744,0.0007847496150376161,141291736.18082154
2022,26,2022-07-01,2022-07-08,1198.9,1171.31,-0.023281689151812567,2.0914382644406713,0.0395098425446049,-0.04270234222777144,0.0007519443833773582,146985897.4280006
2022,27,2022-07-08,2022-07-15,1171.31,1179.25,0.0067558626025755256,2.1056155700383856,0.09124446867603098,0.012140444925375735,0.0007611289623788392,161028459.26569355
2022,28,2022-07-15,2022-07-22,1179.25,1194.76,0.013066685210741353,2.1333095259351804,0.05996451651837384,-0.0020231517126735755,0.0007595906396698629,170979836.01469478
2022,29,2022-07-22,2022-07-29,1194.76,1206.33,0.009637364322449975,2.153968395678953,0.057688651282767595,-0.013774719042671461,0.0007491992257322427,181133491.72828782
2022,30,2022-07-29,2022-08-05,1206.33,1252.74,0.03775045967177661,2.236835996785997,0.10214346475614598,0.022359037334666244,0.0007661392750633936,200613013.74894807
2022,31,2022-08-05,2022-08-12,1252.74,1262.33,0.007626067248237316,2.2539594679046466,0.05365417236490707,-0.004421733069771701,0.0007627590903394507,211670732.75598744
2022,32,2022-08-12,2022-08-19,1262.33,1269.18,0.005411803009537431,2.266190518703683,0.03976212670734265,-0.02648403665362121,0.0007428233058959305,220256779.79622257
2022,33,2022-08-19,2022-08-26,1269.18,1282.57,0.010494854825013862,2.2900990982947906,0.05174770192661507,-0.00642096581226594,0.0007380689429798028,231954619.8746641
2022,34,2022-08-26,2022-08-31,1282.57,1280.51,-0.001607441393607571,2.2864208552807743,0.03034985115366683,-0.027188354624433267,0.0007182723999991912,239102325.31481025
2022,35,2022-08-31,2022-09-09,1280.51,1248.78,-0.025091361360305136,2.229765199535752,0.01989436977403069,-0.050418929852331956,0.0006829556712289918,243906747.4040661
2022,36,2022-09-09,2022-09-16,1248.78,1234.03,-0.01188183834524976,2.2034282653334483,0.03532956655531706,-0.028679175202397083,0.0006636472638813255,252677895.18369666
2022,37,2022-09-16,2022-09-23,1234.03,1203.28,-0.025234075006007516,2.148522453352375,0.021675883869247493,-0.036938422741041706,0.000639580412888296,258214702.70990458
2022,38,2022-09-23,2022-09-30,1203.28,1132.11,-0.060968013159957625,2.021444513882685,-0.00883368946557777,-0.1046145136367485,0.0005760519472642918,255943759.3823532
2022,39,2022-09-30,2022-10-07,1132.11,1035.91,-0.08880288072808612,1.8496741362378324,-0.009734944595768963,-0.15618642836186955,0.0004927546656044659,253464249.59207058
2022,40,2022-10-07,2022-10-14,1035.91,1061.85,0.02473240242939367,1.8959914293366624,0.08033782531409356,-0.015716061539692322,0.0004850710392784761,274667317.60229945
2022,41,2022-10-14,2022-10-21,1061.85,1019.82,-0.0403865287709927,1.8209445585215571,0.003423161540711901,-0.0759741531369066,0.0004495833207042607,275609159.31886625
2022,42,2022-10-21,2022-10-28,1019.82,1027.36,0.007366263928422916,1.834407642174802,0.04910201942372805,-0.059746070995510596,0.0004235091539353902,289479879.0310669
2022,43,2022-10-28,2022-11-04,1027.36,997.15,-0.02984647404650751,1.7804660298187625,0.02682925002649792,-0.07227342685639711,0.00039398061278652865,297351530.1635209
2022,44,2022-11-04,2022-11-11,997.15,954.53,-0.043682137259244046,1.7043656816355646,-0.011991813489009453,-0.16923362385488555,0.00033264241297835476,293807040.9755113
2022,45,2022-11-11,2022-11-18,954.53,969.33,0.015386038449855055,1.7307918935809268,0.07506768854735395,-0.037915939445250145,0.00032026607627607946,316711389.89419913
2022,46,2022-11-18,2022-11-25,969.33,971.46,0.0021949833368744894,1.7345951254352254,0.11029883193726081,-0.0015833028388001472,0.00031975939930572995,353643643.42980087
2022,47,2022-11-25,2022-12-02,971.46,1080.01,0.10592548480794176,1.928417105615566,0.22514947014647216,0.07883873237982916,0.000345989202596606,442942169.7872816
2022,48,2022-12-02,2022-12-09,1080.01,1051.81,-0.0264578107136767,1.878064458530484,0.04701349071421565,-0.052078713546260896,0.0003284316846008329,464263700.1101979
2022,49,2022-12-09,2022-12-16,1051.81,1052.48,0.0006367943797107549,1.87926078028747,0.07193420141356942,-0.006903509118175129,0.000326172161763519,498890638.9994485
2022,50,2022-12-16,2022-12-23,1052.48,1020.34,-0.031013378932254972,1.8218730470493665,0.014312148413355772,-0.08298073334650283,0.00030019870703907453,506082176.2836292
2022,51,2022-12-23,2022-12-30,1020.34,1007.09,-0.013070920964182185,1.7982144451388227,0.05533195086208259,-0.030004925323463254,0.000291325059549422,534873895.9919132
2022,52,2022-12-30,2023-01-06,1007.09,1051.44,0.043095669069497834,1.87740380323185,0.08416677258257727,0.005935273228715192,0.0002930592948653841,581841330.9153545
2023,1,2023-01-06,2023-01-13,1051.44,1060.17,0.008268619431776982,1.8929916971698915,0.04675273599178445,-0.012015196514993016,0.00028955919912360416,609689931.7086973
2023,2,2023-01-13,2023-01-19,1060.17,1108.08,0.04419951526131339,1.9785376305686948,0.08981677442667105,0.024131702809242966,0.0002966317487805759,666984824.436221
2023,3,2023-01-19,2023-01-27,1108.08,1117.1,0.008107253709959392,1.9946433354164759,0.03735536247646471,-0.0011180837949057339,0.0002963002749714887,692371496.4600254
2023,4,2023-01-27,2023-02-03,1117.1,1077.15,-0.03641737735236624,1.9233104187126107,0.030232010273315357,-0.048601864301559855,0.00028224387954988746,713622896.3454055
2023,5,2023-02-03,2023-02-10,1077.15,1055.3,-0.020493577547391836,1.8842960449959782,0.031231680739165865,-0.03696682918128239,0.00027200071340727455,736262230.8413937
2023,6,2023-02-10,2023-02-17,1055.3,1059.31,0.003792666077203585,1.8914561199892823,0.04904672870249934,-0.013160194679280736,0.00026844458208014863,773273711.5438656
2023,7,2023-02-17,2023-02-24,1059.31,1039.56,-0.01882020606419891,1.8561914114811136,0.032317526646513044,-0.028842848195451052,0.0002608124707595085,798672203.0095148
2023,8,2023-02-24,2023-03-03,1039.56,1024.77,-0.014329349540700568,1.8297830550843635,0.022574893578623696,-0.031307424354083936,0.0002527735988485863,816907195.0874555
2023,9,2023-03-03,2023-03-10,1024.77,1053.0,0.027175035984626898,1.8801892688152801,0.058590975715285216,0.004113895967449605,0.0002538156250616692,866200557.0000871
2023,10,2023-03-10,2023-03-17,1053.0,1045.14,-0.007492385416550091,1.8661548076064598,0.026385032897277363,-0.02797382634172544,0.0002468138210584236,889359467.9769114
2023,11,2023-03-17,2023-03-24,1045.14,1046.79,0.0015774909697413935,1.869100973127395,0.030007425716895613,-0.016208470468047353,0.00024284559285903085,916451301.3739417
2023,12,2023-03-24,2023-03-31,1046.79,1064.64,0.016908375142945277,1.9009731273993355,0.05060771342768474,-0.0032028942537053137,0.00024206902839592065,964024436.987009
2023,13,2023-03-31,2023-04-07,1064.64,1069.71,0.004750869853720568,1.910025890545483,0.09426439956778906,0.013046233959539971,0.0002452478080395193,1059318486.8807807
2023,14,2023-04-07,2023-04-14,1069.71,1052.89,-0.01584881944433869,1.8799928577805514,0.03049533915909806,-0.03332317167578167,0.0002372100389786801,1092120373.7349505
2023,15,2023-04-14,2023-04-21,1052.89,1042.91,-0.009523881511255479,1.8621730202660438,0.05179720048261557,-0.01614703872230075,0.00023341055703688328,1150179830.0288978
2023,16,2023-04-21,2023-04-28,1042.91,1049.12,0.005936834787070741,1.8732613159539284,0.06487429691824072,-0.0059652389570660855,0.00023202235189325542,1227270503.8989034
2023,17,2023-04-28,2023-05-05,1049.12,1040.31,-0.008432971872913971,1.8575305776269935,0.0321988731523711,-0.013751979192187113,0.00022885342478901988,1267430311.819664
2023,18,2023-05-05,2023-05-12,1040.31,1066.9,0.025238501555020353,1.9050084813855865,0.09419852368639822,0.012262325251552924,0.0002316769761914477,1392624362.8016064
2023,19,2023-05-12,2023-05-19,1066.9,1067.07,0.00015932745105092818,1.905312025711986,0.03746891892941851,-0.021268839638251647,0.00022680150730884717,1445794383.3534372
2023,20,2023-05-19,2023-05-26,1067.07,1063.76,-0.0031067731000160603,1.899401839121503,0.07726482462281463,-1.8267365657027236e-05,0.00022679736428062272,1561932351.213631
2023,21,2023-05-26,2023-06-02,1063.76,1090.84,0.025138240084342844,1.947754664762071,0.11459404769202,0.02013861854133408,0.000231411050592719,1751579214.138992
2023,22,2023-06-02,2023-06-09,1090.84,1107.53,0.01518426895574074,1.9775555753950502,0.07320034323108969,-0.005942195523297491,0.00023004003832947725,1884604778.4659653
2023,23,2023-06-09,2023-06-16,1107.53,1115.22,0.006919384259782755,1.9912864922774716,0.030064517818725225,-0.02201889575586591,0.00022503016901130756,1942124836.2968407
2023,24,2023-06-16,2023-06-23,1115.22,1129.38,0.01261711471582512,2.016569949111683,0.07287531242649477,0.00734261760726902,0.0002266885605088873,2088942511.4929678
2023,25,2023-06-23,2023-06-30,1129.38,1120.18,-0.008179422902444411,2.0001428443888902,0.023577047802875693,-0.039753572235716364,0.00021785365348813432,2138778796.6326594
2023,26,2023-06-30,2023-07-07,1120.18,1138.07,0.01584445855637883,2.032086420855277,0.06587548482465144,-0.0039428225685322815,0.00021699638632326505,2284416190.479051
2023,27,2023-07-07,2023-07-14,1138.07,1168.4,0.026301446295509737,2.0862422997946575,0.07030153756083883,0.01431709191612692,0.00022012548991368942,2450793948.6998787
2023,28,2023-07-14,2023-07-21,1168.4,1185.9,0.014866688457163707,2.117489509865187,0.06052396368141175,-0.00011758877898720935,0.00022009960714789763,2603706473.064997
2023,29,2023-07-21,2023-07-28,1185.9,1207.67,0.0181909033959363,2.1563610391929253,0.07012369013105206,-0.006909311243610823,0.00021858411200030876,2792841919.566498
2023,30,2023-07-28,2023-08-04,1207.67,1225.98,0.015047640782705896,2.189054548701005,0.06433712272039983,-0.012480695436561369,0.0002158729838456604,2978431469.0787888
2023,31,2023-08-04,2023-08-11,1225.98,1232.21,0.005068780963802546,2.2001785554861137,0.054356537254785633,-0.016220060199444823,0.0002123997551886142,3144809596.108539
2023,32,2023-08-11,2023-08-18,1232.21,1177.99,-0.04499970890204008,2.1033657709133076,-0.00047705924398032173,-0.0735831663922272,0.00019733187784020328,3143309693.419825
2023,33,2023-08-18,2023-08-25,1177.99,1183.37,0.004556704025636918,2.112972056066419,0.06066503671648796,-0.006410733335370187,0.00019607088206527204,3339901528.317423
2023,34,2023-08-25,2023-08-31,1183.37,1224.05,0.033798732674357776,2.185608427818941,0.07865577427275554,0.017275862933495072,0.00019948760418272003,3613211894.6504893
2023,35,2023-08-31,2023-09-08,1224.05,1241.48,0.014139183362407088,2.2167306490491883,0.07125569671738065,0.012706435276322802,0.00020203855292469743,3880068449.1164484
2023,36,2023-09-08,2023-09-15,1241.48,1227.36,-0.011438695062569768,2.191518614409424,0.031231606648273645,-0.044348331592947994,0.0001932742575265989,4003161410.788145
2023,37,2023-09-15,2023-09-22,1227.36,1193.05,-0.028352467842952252,2.1302562271225747,0.03310189858850538,-0.042419784982154374,0.00018524706464476332,4137891258.5869107
2023,38,2023-09-22,2023-09-29,1193.05,1154.15,-0.03314891107802658,2.060798143022941,0.013676994626088146,-0.06907915265667942,0.00017288234320079123,4194873962.9007983
2023,39,2023-09-29,2023-10-06,1154.15,1128.54,-0.022439380379239125,2.0150700830282977,0.028849200082976957,-0.036783806645584644,0.0001666386106320074,4317655276.980401
2023,40,2023-10-06,2023-10-13,1128.54,1154.73,0.022941788483774584,2.0618337648424214,0.07092091125502402,0.009528325016343606,0.0001682339860318574,4634987055.332036
2023,41,2023-10-13,2023-10-20,1154.73,1108.03,-0.041282886641582445,1.9784483528256376,-0.003897035309647045,-0.0804416324340088,0.00015523097235134375,4616959496.948623
2023,42,2023-10-20,2023-10-27,1108.03,1060.62,-0.04373002097711359,1.8937951968574203,0.0036315608591142075,-0.06722235141075392,0.0001451389849956368,4633756748.005101
2023,43,2023-10-27,2023-11-03,1060.62,1076.78,0.015121463390863097,1.9226497634139779,0.05150420446326251,-0.013812379781330581,0.00014314805163040617,4878667533.748153
2023,44,2023-11-03,2023-11-10,1076.78,1101.68,0.022861181252160637,1.967110079457188,0.08398657178399395,0.01740115328814904,0.00014566079170279705,5306108520.941782
2023,45,2023-11-10,2023-11-17,1101.68,1101.19,-0.0004448741941934382,1.9662351575752133,0.04115241487291791,-0.005374571312065377,0.00014488002740654243,5529022975.913093
2023,46,2023-11-17,2023-11-24,1101.19,1095.61,-0.005080127458642739,1.956271761449867,0.028550645562565695,-0.01737723516122393,0.00014238416152998395,5689155213.22122
2023,47,2023-11-24,2023-12-01,1095.61,1102.16,0.005960604970309327,1.9679671457905512,0.040227541496667935,-0.009053936954199657,0.0001411008426190003,5922681544.484185
2023,48,2023-12-01,2023-12-08,1102.16,1124.44,0.02001324319191212,2.007749308097488,0.06386541634107938,0.008097180949980217,0.000142247999775709,6313276053.890545
2023,49,2023-12-08,2023-12-15,1124.44,1102.3,-0.019886227958986077,1.9682171234711152,0.013045576775920827,-0.03142352924382559,0.00013784756626088375,6396175944.096204
2023,50,2023-12-15,2023-12-22,1102.3,1103.06,0.0006892299035856342,1.969574145165607,0.03619431505473311,-0.007339210912353771,0.00013683957734449134,6631921744.671661
2023,51,2023-12-22,2023-12-29,1103.06,1129.93,0.024067548012087433,2.0175520042853283,0.04966720050626639,0.004726187323563331,0.0001374878375131207,6969627769.002806
2023,52,2023-12-29,2024-01-05,1129.93,1154.68,0.0216675654067142,2.061744487099363,0.047193614413934555,-0.008013622304833951,0.0001363904647498057,7306434753.929769
2024,1,2024-01-05,2024-01-12,1154.68,1154.7,1.732066615330312e-05,2.0617801981965864,0.024805072240410043,-0.027956861928699586,0.0001326302225539203,7489937891.210587
2024,2,2024-01-12,2024-01-19,1154.7,1181.5,0.022944247669152356,2.109633068476026,0.039978487236083174,-0.003444403945557731,0.00013217417634660774,7795440351.932008
2024,3,2024-01-19,2024-01-26,1181.5,1175.67,-0.004946619792271223,2.0992232836353866,0.03783508994208958,-0.012330457138533759,0.0001305544150513051,8096032140.3708315
2024,4,2024-01-26,2024-02-02,1175.67,1172.55,-0.0026573335002423163,2.0936523524685264,0.054782494628333595,-0.015547859069053614,0.0001285402717871209,8551926481.767635
2024,5,2024-02-02,2024-02-07,1172.55,1198.53,0.021914941515823745,2.1400410677618034,0.04005552601911783,-0.0007583153307710875,0.00012844283467709967,8901431469.65699
2024,6,2024-02-07,2024-02-16,1198.53,1209.7,0.009276589115529761,2.1599857155611075,0.03615108737413675,0.0009200446885482711,0.0001285610622038907,9229115272.617336
2024,7,2024-02-16,2024-02-23,1209.7,1212.0,0.001899492663457134,2.164092491741805,0.03849050236225325,-0.020468210814892373,0.00012595639465665638,9591273674.291891
2024,8,2024-02-23,2024-03-01,1212.0,1258.28,0.03747382138156365,2.2467279707168966,0.08395176907435724,0.008456607763410178,0.00012702607504050842,10431243255.937073
2024,9,2024-03-01,2024-03-08,1258.28,1247.35,-0.008724408095577906,2.227211856084274,0.0441958358221418,-0.02078462362587528,0.00012441313443891026,10902600052.595282
2024,10,2024-03-08,2024-03-15,1247.35,1263.78,0.01308592901007647,2.256548522453348,0.07352471216142455,-0.0027778625850901207,0.00012406801142174605,11734415383.709793
2024,11,2024-03-15,2024-03-22,1263.78,1281.8,0.014158110144804236,2.2887242210516874,0.04167089901468752,-0.014594573992265578,0.0001222704409436534,12233730219.794771
2024,12,2024-03-22,2024-03-29,1281.8,1284.09,0.0017849561812923037,2.292813141683774,0.03758852334183271,-0.007103761629609263,0.00012140493867741831,12702329886.17529
2024,13,2024-03-29,2024-04-05,1284.09,1255.11,-0.022827078124128465,2.241067761806977,0.023678504142237385,-0.03858506269527487,0.00011680974453309105,13006691247.447603
2024,14,2024-04-05,2024-04-12,1255.11,1276.6,0.016977075694666752,2.2794393357735876,0.042521049497853965,-0.01634557262548255,0.00011491594217739873,13571676161.843395
2024,15,2024-04-12,2024-04-19,1276.6,1174.85,-0.08305981396734277,2.097759128649224,-0.02005857989249332,-0.12174924816170947,0.0001017431678212724,13302159706.47798
2024,16,2024-04-19,2024-04-26,1174.85,1209.52,0.029083106817331582,2.1596643156860957,0.07033226557001228,0.008251597266087117,0.00010258618480168169,14271416226.097223
2024,17,2024-04-26,2024-05-03,1209.52,1221.03,0.009471178161490892,2.1802160521381984,0.03780839637884757,-0.002364018200960612,0.00010234395562354613,14821325679.708391
2024,18,2024-05-03,2024-05-10,1221.03,1244.7,0.019199772173495333,2.222480135702166,0.0797959307707453,0.008144082497242138,0.00010318085651047989,16052474284.30269
2024,19,2024-05-10,2024-05-17,1244.7,1273.11,0.022568188872328965,2.2732077493080936,0.06796967178223264,0.009095093019710086,0.00010412357656304991,17181490497.278027
2024,20,2024-05-17,2024-05-24,1273.11,1261.93,-0.008820430828367571,2.2532452459601786,0.051314926750730704,-0.016984518328409862,0.00010237002156634846,18086170713.200623
2024,21,2024-05-24,2024-05-31,1261.93,1261.72,-0.00016642561407860493,2.252870279439332,0.06532929977197413,0.00025165169781487536,0.00010239578639782675,19307177095.45592
2024,22,2024-05-31,2024-06-07,1261.72,1287.58,0.02028861809305012,2.2990447281492683,0.06616366876716329,0.0020886282363579704,0.00010260987662820309,20627818259.736774
2024,23,2024-06-07,2024-06-14,1287.58,1279.91,-0.005974724588241597,2.285349522364071,0.027737974550889166,-0.02820056833091003,9.975664032270714e-05,21208001513.115494
2024,24,2024-06-14,2024-06-21,1279.91,1282.02,0.0016471960413286827,2.2891170431211463,0.06676868895586724,-0.01166650974146189,9.859959099379669e-05,22672375141.740284
2024,25,2024-06-21,2024-06-28,1282.02,1245.32,-0.029044433997760476,2.223587179716093,0.0089395695389339,-0.05474077131647418,9.334724361681665e-05,22875965063.22539
2024,26,2024-06-28,2024-07-05,1245.32,1283.04,0.029839737073527172,2.2909383090795425,0.06010495931741636,0.005358628778508414,9.384879946848978e-05,24293085393.48121
2024,27,2024-07-05,2024-07-12,1283.04,1280.75,-0.0017864182394069156,2.286849388447456,0.05320880043063999,-0.009310932808777475,9.29790350450728e-05,25620698464.713436
2024,28,2024-07-12,2024-07-19,1280.75,1264.78,-0.012547649825796325,2.2583340773145215,0.03029255238828868,-0.05182538548945711,8.828309614329913e-05,26408689691.251884
2024,29,2024-07-19,2024-07-26,1264.78,1242.11,-0.01808664759420399,2.2178555486117273,0.01859961905815905,-0.04296290448146167,8.4570520475172e-05,26904477700.486534
2024,30,2024-07-26,2024-08-02,1242.11,1236.6,-0.004445868274843033,2.208017141326663,0.019175726638869704,-0.04296731039717281,8.101371308988326e-05,27425368882.444794
2024,31,2024-08-02,2024-08-09,1236.6,1223.64,-0.010535654960333532,2.1848763503258604,0.022883431489886186,-0.03245643040042202,7.842650995239639e-05,28060191186.81371
2024,32,2024-08-09,2024-08-16,1223.64,1252.23,0.023095938694302733,2.2359253638067993,0.05778508655017782,0.0053500171463850025,7.884721751823717e-05,29729415445.31244
2024,33,2024-08-16,2024-08-23,1252.23,1285.32,0.026081752706100955,2.295009374163017,0.05328277747550017,-0.0010579266826964287,7.876384705066511e-05,31356442619.730286
2024,34,2024-08-23,2024-08-30,1285.32,1283.87,-0.0011287605462841387,2.2924203196143154,0.023000859385948532,-0.021199670435889495,7.71116542995765e-05,32086026106.270435
2024,35,2024-08-30,2024-09-06,1283.87,1273.96,-0.00774879455330161,2.2747254709400906,0.01458890144431892,-0.02070563830332408,7.5531424565724e-05,32557557175.82115
2024,36,2024-09-06,2024-09-13,1273.96,1251.71,-0.017619543028111168,2.234996875278989,0.01884494902810238,-0.025790068089985043,7.36083684460034e-05,33176920284.853703
2024,37,2024-09-13,2024-09-20,1251.71,1272.04,0.016111294509674228,2.271297205606638,0.0398606232887427,-0.0025144253265147634,7.342351819360786e-05,34526083619.64507
2024,38,2024-09-20,2024-09-27,1272.04,1290.92,0.014733231512984087,2.3050084813855864,0.03886856525348961,-0.004234697119017178,7.311324924382134e-05,35894484571.20961
2024,39,2024-09-27,2024-10-04,1290.92,1270.6,-0.015865912627067127,2.2687260066065487,0.011514706585367749,-0.0303923389180268,7.092459423390283e-05,36310187786.24302
2024,40,2024-10-04,2024-10-11,1270.6,1288.39,0.013904147029758538,2.3004910275868187,0.04107731924010054,-0.0030578995549882097,7.07080452100803e-05,37832770685.845055
2024,41,2024-10-11,2024-10-18,1288.39,1285.46,-0.0022767459375297046,2.295259351843581,0.02659019544196312,-0.018909796176451315,6.938353308236835e-05,38852245401.85151
2024,42,2024-10-18,2024-10-25,1285.46,1252.72,-0.025799443687474048,2.2368002856887736,0.02084080637178166,-0.032528290366989815,6.716291758188216e-05,39670453973.79932
2024,43,2024-10-25,2024-11-01,1252.72,1254.89,0.0017307320848731365,2.24067493973752,0.04284572764089459,-0.012157065522067665,6.635135668698418e-05,41407101745.137215
2024,44,2024-11-01,2024-11-08,1254.89,1252.56,-0.001858462318793075,2.2365145969109865,0.046233540089534474,-0.009532022594561875,6.572189882515389e-05,43366443289.74025
2024,45,2024-11-08,2024-11-15,1252.56,1218.57,-0.027511416906485748,2.1758235871797127,0.017603734410758843,-0.042944450206350335,6.295925273780842e-05,44136613688.3259
2024,46,2024-11-15,2024-11-22,1218.57,1228.1,0.007790219519556624,2.192839925006692,0.040955283733348974,-0.012703399875295202,6.21645147989782e-05,45981767723.871216
2024,47,2024-11-22,2024-11-29,1228.1,1250.46,0.018043223984615886,2.232764931702523,0.049945803768387226,0.0009098696710511165,6.222110214526062e-05,48336683631.29103
2024,48,2024-11-29,2024-12-06,1250.46,1270.14,0.015615646996589528,2.2679046513704098,0.05113117194129943,-0.0005008973157863044,6.218994356648647e-05,50872471373.78517
2024,49,2024-12-06,2024-12-13,1270.14,1262.57,-0.005977804440521876,2.2543880010713293,0.043027854774121715,-0.013463651719888324,6.135825119738824e-05,53109179995.40662
2024,50,2024-12-13,2024-12-20,1262.57,1257.5,-0.004023703183127688,2.2453352379251816,0.047997395226321966,-0.010723565667330189,6.0703787326243174e-05,55720448040.18059
2024,51,2024-12-20,2024-12-27,1257.5,1275.14,0.013930353512191537,2.276832425676275,0.053234631702806394,-0.0059564505622123395,6.034328294722061e-05,58767079255.27663
2024,52,2024-12-27,2025-01-03,1275.14,1254.59,-0.016247150523151004,2.2401392732791674,0.01387471474297973,-0.027330442110553688,5.871640722759882e-05,59588138526.16258
2025,1,2025-01-03,2025-01-10,1254.59,1230.48,-0.0194044888193801,2.1970895455762838,0.018535839851998484,-0.04891429572019685,5.591344678215777e-05,60702954828.564514
2025,2,2025-01-10,2025-01-17,1230.48,1249.11,0.015026960560412842,2.2303544326399387,0.056971747889470035,0.00032912316301076554,5.59318522212796e-05,64261720282.56464
2025,3,2025-01-17,2025-01-24,1249.11,1265.05,0.012680349368232847,2.258816177127038,0.039359193744418465,-0.017094989263713042,5.4983824160244694e-05,66841444695.76566
2025,4,2025-01-24,2025-02-07,1265.05,1275.2,0.007991381963750094,2.2769395589679453,0.0710070363290983,0.003011307615041723,5.5149646914998285e-05,71760225062.07549
2025,6,2025-02-07,2025-02-14,1275.2,1276.08,0.0006898498282421265,2.278510847245778,0.04416224848218884,-0.01100792871867521,5.4545892671359e-05,75000336676.35925
2025,7,2025-02-14,2025-02-21,1276.08,1296.75,0.016068255367316864,2.3154182662262257,0.06930989241819903,0.004402792370404983,5.478657636281367e-05,80382982630.91437
2025,8,2025-02-21,2025-02-28,1296.75,1305.36,0.006617730551305349,2.3307918935809258,0.052678727813343026,-0.008721053405782164,5.4310857106091064e-05,84730973770.6729
2025,9,2025-02-28,2025-03-07,1305.36,1326.05,0.015725733642735565,2.3677350236585974,0.03151490970736952,-0.023092698153946434,5.3071043295587134e-05,87443785238.42282
2025,10,2025-03-07,2025-03-14,1326.05,1326.15,7.540909437254063e-05,2.3679135791447146,0.024752315743526314,-0.028538387106235047,5.157788876781231e-05,89635231215.57306
2025,11,2025-03-14,2025-03-21,1326.15,1321.88,-0.003225041786523782,2.3602892598875056,0.027977059172952297,-0.016982240665692497,5.0709376165643704e-05,92178370281.90556
2025,12,2025-03-21,2025-03-28,1321.88,1317.46,-0.0033493253100815223,2.3523971074011203,0.03548216560927801,-0.02303871533104927,4.955445234806427e-05,95507776453.98026
2025,13,2025-03-28,2025-04-04,1317.46,1210.67,-0.08453171507006915,2.1617177037764446,-0.023807509928222597,-0.12877005833152588,4.356709022855859e-05,93260827378.47083
2025,14,2025-04-04,2025-04-11,1210.67,1222.46,0.009691296624072088,2.182769395589675,0.04082098998611405,-0.03312177824702961,4.214770673884532e-05,97146597598.78398
2025,15,2025-04-11,2025-04-18,1222.46,1219.12,-0.0027359349957155107,2.1768056423533566,0.06821094025002514,-0.01783933779119944,4.140248644276192e-05,104004284282.50244
2025,16,2025-04-18,2025-04-25,1219.12,1229.23,0.008258670094700046,2.194857601999817,0.0503836431546794,-0.01857170528625374,4.064066769935829e-05,109378652288.42941
2025,17,2025-04-25,2025-04-29,1229.23,1226.3,-0.002386451308325076,2.18962592625658,0.03114499000259572,-0.0072132332845487096,4.0348571826734124e-05,112838853589.8366
2025,18,2025-04-29,2025-05-09,1226.3,1267.3,0.03288714732003815,2.262833675564677,0.08191250870278693,0.008082817861399428,4.06760235674134e-05,122470873599.23761
2025,19,2025-05-09,2025-05-16,1267.3,1301.39,0.026544270910762596,2.323703240782068,0.06373075805238192,-0.00041544654148138667,4.065912836387105e-05,130530118498.93219
2025,20,2025-05-16,2025-05-23,1301.39,1314.46,0.009993010886933617,2.3470404428176006,0.05230592011024568,-0.021092784345864198,3.9810495614604146e-05,137539330105.90115
2025,21,2025-05-23,2025-05-30,1314.46,1332.6,0.013705986242722061,2.3794304079992807,0.06707672890611426,-0.003138138360047155,3.968576059142896e-05,147081468720.66098
2025,22,2025-05-30,2025-06-06,1332.6,1329.89,-0.002035689099947727,2.3745915543255016,0.048780910673617284,-0.010682241836875677,3.926408393511703e-05,154434113094.66296
2025,23,2025-06-06,2025-06-13,1329.89,1315.49,-0.010887012249402316,2.348879564324609,0.03408534050520519,-0.028617124659738268,3.815638393887259e-05,159788792035.8313
2025,24,2025-06-13,2025-06-20,1315.49,1349.35,0.025413775222478553,2.40933845192393,0.050358540431547874,1.140571136239723e-05,3.815681914205631e-05,168041577492.13522
2025,25,2025-06-20,2025-06-27,1349.35,1371.44,0.016238287697660298,2.448781358807244,0.04236657109616374,-0.009336142916999515,3.780223940437359e-05,175313886593.29028
2025,26,2025-06-27,2025-07-04,1371.44,1386.97,0.01126022896568092,2.476511025801262,0.05350670698807491,0.003758829806132162,3.7944598973667304e-05,184949850867.82635
2025,27,2025-07-04,2025-07-11,1386.97,1457.76,0.049779499300641745,2.6029104544237063,0.08045675368436263,0.0030649601439123255,3.806107606483747e-05,200445314843.93527
2025,28,2025-07-11,2025-07-18,1457.76,1497.28,0.026749117712303094,2.6734755825372676,0.08820937736651487,0.005993034055174034,3.8289862266855253e-05,218929737059.09418
2025,29,2025-07-18,2025-07-25,1497.28,1531.13,0.02235589619736601,2.733916614587977,0.08831551754118817,-0.0005882180083079294,3.8267346103189915e-05,239144114688.03876
2025,30,2025-07-25,2025-08-01,1531.13,1495.21,-0.02373935968774357,2.669779483974639,0.06154094271398147,-0.03333608462099195,3.701269144102139e-05,254323557108.13977
2025,31,2025-08-01,2025-08-08,1495.21,1584.95,0.05828619588500476,2.8300151772163136,0.1006288851789785,0.00983055947318444,3.7378341231810515e-05,281247816076.0011
2025,32,2025-08-08,2025-08-15,1584.95,1630.0,0.028027153728329274,2.9104544237121615,0.08175432817524673,-0.015585756834685126,3.680028789533498e-05,305207085968.7434
2025,33,2025-08-15,2025-08-22,1630.0,1645.47,0.009446042875824947,2.9380769574145096,0.04568255231860724,-0.05457355696314806,3.4845782506694264e-05,319473097667.64343
2025,34,2025-08-22,2025-08-29,1645.47,1682.21,0.022082347430396856,3.003678243014009,0.07582591860049887,-0.0008189279670400433,3.4817258002217486e-05,344639515282.00037
2025,35,2025-08-29,2025-09-05,1682.21,1666.97,-0.009100797918892768,2.976466386929731,0.040367226941747825,-0.008567011788907206,3.452025218515038e-05,358836270871.70465
2025,36,2025-09-05,2025-09-12,1666.97,1667.26,0.00017395320702594664,2.976984197839471,0.04068258372400932,-0.02840013307731851,3.3553663027005486e-05,373735675737.87146
2025,37,2025-09-12,2025-09-19,1667.26,1658.62,-0.005195629088286823,2.961557003838935,0.04064695684118027,-0.01937472689968705,3.290982718134668e-05,389239857955.7923
2025,38,2025-09-19,2025-09-26,1658.62,1660.7,0.001253268905831328,2.9652709579501755,0.03958001501658269,-0.01762378045103044,3.233491257731714e-05,404954927197.64856
2025,39,2025-09-26,2025-10-03,1660.7,1645.82,-0.009000459970078114,2.9387019016159197,0.01588309632386427,-0.053594232519379906,3.0647567600293745e-05,411438216370.5078
2025,40,2025-10-03,2025-10-10,1645.82,1747.55,0.059976066759302255,3.12034639764306,0.07160667408213792,0.001217194875067238,3.068489437488098e-05,441980401434.7449
2025,41,2025-10-10,2025-10-17,1747.55,1731.19,-0.009405773706563135,3.091134720114268,0.037259823623287246,-0.038095946476809577,2.9537910710149216e-05,458759158899.2753
2025,42,2025-10-17,2025-10-24,1731.19,1683.18,-0.028124171951848242,3.0054102312293476,0.030331558257026603,-0.056115705910178164,2.7926019176473702e-05,472887218952.9645
2025,43,2025-10-24,2025-10-31,1683.18,1639.65,-0.026202056935565887,2.927685028122483,0.06659134837672617,-0.009813860615023545,2.7653297531704763e-05,505449569915.92206
2025,44,2025-10-31,2025-11-07,1639.65,1599.1,-0.025041833442557834,2.855280778501913,0.017742495155272306,-0.044024108559799977,2.6462294534643977e-05,514497535853.1461
2025,45,2025-11-07,2025-11-14,1599.1,1635.46,0.02248313936146485,2.920203553254168,0.06143887841564455,0.0013923013565019387,2.6499163683747947e-05,547098929439.82776
2025,46,2025-11-14,2025-11-21,1635.46,1654.93,0.011834601517290648,2.9549683064012084,0.04029809350031063,-0.016069881849164188,2.607672858610547e-05,569596227938.8739
2025,47,2025-11-21,2025-11-28,1654.93,1690.99,0.02155544437638705,3.0193554146951103,0.03760235186801083,-0.018949951488524616,2.5587228494147035e-05,591422167404.5736
2025,48,2025-11-28,2025-12-05,1690.99,1741.32,0.02932929007046321,3.1092223908579526,0.05641578214189359,-0.005370970424781988,2.5450168648325992e-05,625746834636.321
2025,49,2025-12-05,2025-12-12,1741.32,1646.89,-0.055754785443360835,2.9406124453173765,0.004853676694680676,-0.06998288457013108,2.3729986108700636e-05,628791390131.3784
2025,50,2025-12-12,2025-12-19,1646.89,1704.31,0.03427167587792436,3.043139005445936,0.06195736388028176,-0.0069499350932202015,2.3565636018243255e-05,668981838391.1711
2025,51,2025-12-19,2025-12-26,1704.31,1729.8,0.014845458146846057,3.0886527988572383,0.032150606639442185,-0.024196512271517038,2.3002273012878022e-05,690839496050.4352
2025,52,2025-12-26,2025-12-31,1729.8,1784.49,0.031126865231511015,3.186304794214796,0.038448797834621726,-0.008813223393431302,2.280043955036978e-05,717918689516.3229
2026,1,2025-12-31,2026-01-09,1784.49,1867.9,0.04568214506133499,3.3352379251852446,0.060277073214179334,-0.03648888325457548,2.1983472720194287e-05,762523547559.9956
2026,2,2026-01-09,2026-01-16,1867.9,1879.13,0.005994098592079355,3.355289706276219,0.08391826181599003,0.009460807452509259,2.219244106871902e-05,829274856344.7362
2026,3,2026-01-16,2026-01-23,1879.13,1870.79,-0.004448102226712525,3.340398178734035,0.036932978844193824,-0.025650705836163253,2.1630428120259077e-05,860475058819.9154
2026,4,2026-01-23,2026-01-30,1870.79,1829.04,-0.022569562504652568,3.2658512632800587,0.048569759805969705,-0.02576685447391737,2.1080199302102485e-05,903299698623.9227
2026,5,2026-01-30,2026-02-06,1829.04,1755.49,-0.04104321881650611,3.1345237032407764,0.0278839875025068,-0.04263721733606488,2.0200290002254236e-05,928841748302.1827
2026,6,2026-02-06,2026-02-13,1755.49,1824.09,0.03833321231279255,3.2570127667172515,0.05585958753597246,-0.005388703822831685,2.009172938550168e-05,982202958341.8551
2026,7,2026-02-13,2026-02-27,1824.09,1880.33,0.030366060812706368,3.3574323721096273,0.0752965474384141,-0.0037652061363629475,2.0016222122139044e-05,1059015003374.6848
2026,9,2026-02-27,2026-03-06,1880.33,1767.84,-0.061688830970099674,3.1565753057762644,0.019678299535245206,-0.06548753783780974,1.8747408191110163e-05,1080061013526.883
2026,10,2026-03-06,2026-03-13,1767.84,1696.24,-0.04134442559056963,3.02872957771627,0.02505841530680175,-0.052121002680704354,1.7795302364736088e-05,1107467579426.9827
2026,11,2026-03-13,2026-03-20,1696.24,1647.81,-0.028966903213562562,2.942255155789656,0.025506582027441806,-0.040398667002927185,1.7090723712619598e-05,1136078625942.0632
2026,12,2026-03-20,2026-03-27,1647.81,1672.8,0.01505173555369113,2.9868761717703722,0.06508989254587474,-0.002391159864966136,1.704990588044427e-05,1212485546597.9846
2026,13,2026-03-27,2026-04-03,1672.8,1684.04,0.006696799374872158,3.006945808409958,0.02729571286009057,-0.027926953246269315,1.6580341229068876e-05,1246037026588.6055
2026,14,2026-04-03,2026-04-10,1684.04,1750.0,0.03842011942826388,3.124721007052936,0.06139346755532067,0.0016125631951390631,1.6607099646118494e-05,1324932618048.848
2026,15,2026-04-10,2026-04-17,1750.0,1817.17,0.03766455791660099,3.2446567270779343,0.036819402373108504,-0.016003838745187317,1.634343773021233e-05,1374625054389.036
2026,16,2026-04-17,2026-04-24,1817.17,1853.29,0.01968209217404695,3.309150968663507,0.029791086995800905,-0.022485627374014695,1.598004613428315e-05,1416192727797.2263
2026,17,2026-04-24,2026-04-29,1853.29,1854.1,0.00043696509559999606,3.310597268101057,0.02464909897777508,-0.013165760006768872,1.5771035592399164e-05,1451534383113.1277
2026,18,2026-04-29,2026-05-08,1854.1,1915.37,0.03251141233625363,3.419998214445133,0.04758110231915715,-0.02201378347062978,1.542764891689831e-05,1522269471226.7136
2026,19,2026-05-08,2026-05-15,1915.37,1921.6,0.003247356885657733,3.431122221230241,0.03536612115140619,-0.018086582436411373,1.5151123709085171e-05,1577069559343.2708
2026,20,2026-05-15,2026-05-19,1921.6,1920.77,-0.00043202503294043646,3.4296402106954673,0.02425597253077512,-0.010469371552861529,1.4993328415605915e-05,1615790625360.5671
