rebalance_date,portfolio_gross_simple_return,portfolio_turnover,trading_cost,portfolio_simple_return,portfolio_log_return,num_holdings,portfolio_cumulative,split,vnindex_weekly_return,vnindex_simple_return,vnindex_cumulative
2016-07-01,0.054571882883985616,1.0,0.002,0.05246273911821775,0.05113288368474852,5,1.0524627391182177,train,0.0283010158250415,0.02870529439325309,1.1761092759575034
2016-07-08,0.010983445571824534,1.0,0.002,0.008961478680680868,0.008921562922843643,5,1.0618943615170366,train,0.008887335181018,0.008926944798688385,1.1866083385412014
2016-07-15,0.015014066538035721,1.0,0.002,0.012984038404959763,0.012900468385210646,5,1.075682038688984,train,-0.0223528246438002,-0.022104851330203235,1.1603785376305686
2016-07-22,0.05854199250649646,0.8,0.0016,0.05684832531848616,0.05529120115028821,5,1.1368327611636277,train,0.0036249175703937,0.003631495529875295,1.1645924471029372
2016-07-29,-0.042762894176714646,1.0,0.002,-0.04467736838836123,-0.04570616140620054,5,1.0860420650971625,train,-0.0388289036228827,-0.038084724713674634,1.1202392643513972
2016-08-05,0.05820022803086107,1.0,0.002,0.05608382757479946,0.05456756430657731,5,1.1469514610150509,train,0.0441502611956789,0.045139386984172525,1.1708061780198196
2016-08-12,0.056901204169840056,0.8,0.0016,0.055210162243168215,0.05373995300686062,5,1.2102748372627306,train,0.0099698092092043,0.010019673331198131,1.1825372734577269
2016-08-19,0.020350725298738735,1.0,0.002,0.018310023848141288,0.01814441385531348,5,1.2324349983958165,train,0.00822542475066,0.008259346499969844,1.1923042585483437
2016-08-26,0.051044142358490294,0.6000000000000001,0.0012000000000000001,0.049782889387659957,0.04858337077739988,5,1.2937891735984364,train,0.0021541737951678,0.0021564956944966074,1.1948754575484333
2016-09-01,0.04060991396034375,1.0,0.002,0.03852869413242299,0.037804994315749386,5,1.3436371809398509,train,-0.0034579061003452,-0.0034519344281893627,1.1907508258191233
2016-09-09,-0.011245108371360748,1.0,0.002,-0.013222618154618004,-0.013310815297581977,5,1.3258707795579359,train,-0.0236244003428375,-0.023347528790787053,1.1629497366306578
2016-09-16,0.060596170528027266,1.0,0.002,0.05847497818697134,0.0568291723780659,5,1.4034010444713287,train,0.0343779138130305,0.034975664430148656,1.2036246763681815
2016-09-23,-0.027437115664678324,1.0,0.002,-0.029382241433349,-0.029822545695141037,5,1.362165976154858,train,0.0171203310896671,0.017267723894435427,1.2244085349522364
2016-09-30,0.04653957433447463,1.0,0.002,0.04444649518580568,0.043487075413582606,5,1.4227094796562931,train,-0.0025991487092994,-0.00259577384684917,1.2212302472993484
2016-10-07,0.024124565558141,1.0,0.002,0.02207631642702479,0.02183616260123399,5,1.4541176643129132,train,0.0044494766868958,0.004459390306308819,1.2266761896259262
2016-10-14,-0.012139341726590614,1.0,0.002,-0.014115063043137366,-0.014215627987416539,5,1.433592701808997,train,-0.0031636599431624,-0.003158660844250316,1.2228015355771806
2016-10-21,-0.0073736838752961106,1.0,0.002,-0.00935893650754549,-0.009403006535073791,5,1.4201757987350858,train,-0.003774472690739,-0.0037673583225034113,1.218194804035354
2016-10-28,0.0062101474303769095,0.8,0.0016,0.0046002111944882795,0.004589662561227234,5,1.4267089073425683,train,-0.0230109932266893,-0.022748259435690588,1.1904829925899474
2016-11-04,0.025773956324134352,1.0,0.002,0.023722408411486207,0.023445404331332416,5,1.460553878726854,train,0.0185304686353792,0.018703223193796692,1.2127488617087765
2016-11-11,0.018380967433528794,1.0,0.002,0.01634420549866178,0.016212076721258305,5,1.4844254714626333,train,-0.0087989033054293,-0.00876030624263846,1.202124810284796
2016-11-18,0.0027566855294318907,1.0,0.002,0.0007511721583730591,0.0007508901697731224,5,1.4855405305479759,train,0.0038840181654528,0.003891570738952854,1.2068029640210696
2016-11-25,-0.00868326557205341,0.8,0.0016,-0.010269372347138206,-0.010322466157531674,5,1.4702849617030134,train,-0.0160032050430725,-0.015875834110109843,1.187643960360682
2016-12-02,-0.003985741668057031,1.0,0.002,-0.005977770184720899,-0.0059957085763587695,5,1.4614959360959017,train,-0.0031169795076591,-0.0031121267703038136,1.183947861798054
2016-12-09,0.00342489628315681,1.0,0.002,0.0014180464905906298,0.0014170420121518452,5,1.463568405279095,train,0.0180691345142976,0.018233369025894675,1.2055352200696368
2016-12-16,-0.015529927897590445,1.0,0.002,-0.017498868041795235,-0.017653783119074246,5,1.4379576148849753,train,-0.0161104766230128,-0.01598139700219192,1.1862690831175788
2016-12-23,0.018022695281137712,1.0,0.002,0.01598664989057541,0.015860209198480385,5,1.4609457398316283,train,0.0007523096259247,0.000752592681788844,1.1871618605481655
2016-12-30,0.05289380088589466,1.0,0.002,0.050788013284122746,0.049540371535523556,5,1.5351442714735797,train,0.0222071044383768,0.022455517619985876,1.21382019462548
2017-01-06,0.03899001220311163,1.0,0.002,0.036912032178705534,0.03624709650619169,5,1.591809566221168,train,0.0077077884051968,0.007737569873492278,1.2232122131952508
2017-01-13,0.03275874423104455,0.8,0.0016,0.031106330240274982,0.030632332830717694,5,1.6413249202676725,train,0.0017501389993564,0.0017516713864480504,1.2253548790286588
2017-01-20,0.035088537824433705,0.8,0.0016,0.03343239616391447,0.03288568548342031,5,1.6961983452357667,train,0.0159304870896862,0.016058053798851724,1.2450316935987864
2017-01-25,0.021203611134521162,0.8,0.0016,0.01956968535670578,0.019380661179730058,5,1.7293924131545957,train,0.0043931583288006,0.004402822395594308,1.2505133470225878
2017-02-03,0.061986586814399884,1.0,0.002,0.059862613640770945,0.05813928995104574,5,1.8329183630165498,train,0.0048855972346868,0.004897551224387842,1.2566378001964116
2017-02-10,0.03505982172654423,0.8,0.0016,0.033403726011781876,0.032857942449682105,5,1.8941446658167183,train,0.0057381445478867,0.005754639233851666,1.263869297384163
2017-02-17,-0.011107093853212381,1.0,0.002,-0.013084879665505977,-0.013171240881421905,5,1.8693600107954464,train,0.0093370572170183,0.009380783521466984,1.2757253816623524
2017-02-24,0.0012339657038706667,0.8,0.0016,-0.0003680086412555239,-0.0003680763730533109,5,1.8686720701578563,train,-0.0025926900704436,-0.002589331952356333,1.272422105169182
2017-03-03,0.022967217992599976,0.8,0.0016,0.021330470443811755,0.021106160116043868,5,1.908531724519535,train,-0.0005755072693812,-0.0005753416968369285,1.2716900276761012
2017-03-10,0.03358281625053377,1.0,0.002,0.03151565061803274,0.031029226092720644,5,1.968680343542924,train,-0.0023475674109402,-0.002344814029569986,1.268708151057942
2017-03-17,0.00462627467944412,1.0,0.002,0.0026170221300851892,0.002613603690459745,5,1.9738324235690397,train,0.0161937815788152,0.01632561150674139,1.2894205874475502
2017-03-24,0.01591173762515119,0.4,0.0008,0.015099008235051059,0.014986152795704335,5,2.0036353355871195,train,0.0002353837111492,0.0002354114160687537,1.2897241317739494
2017-03-31,-0.0018694587018903703,0.8,0.0016,-0.003466467567967424,-0.003472489687683448,5,1.9966897986782732,train,0.0077779548954877,0.007808281762678115,1.299794661190966
2017-04-07,-0.024740661165690542,1.0,0.002,-0.026691179843359114,-0.027053857475635403,5,1.9433957921703509,train,-0.0131362508441192,-0.013050346864482365,1.2828318900098212
2017-04-14,0.005578506793359875,0.8,0.0016,0.003969581182490467,0.003961723183553555,5,1.9511102595370815,train,-0.008442525300395,-0.008406987264249488,1.2720471386483356
2017-04-21,0.020750297067721114,0.8,0.0016,0.019117096592412786,0.018936660879403953,5,1.9884098228310996,train,0.0074398653826694,0.007467609943712317,1.2815462905097768
2017-04-28,0.005440158369126657,0.8,0.0016,0.0038314541157360438,0.0038241327903383074,5,1.9960283238305558,train,0.003157758252611,0.0031627492232455534,1.2855995000446396
2017-05-05,0.036159750925671,0.8,0.0016,0.03450189532419001,0.033920050317964086,5,2.064895084123476,train,0.0074306574905282,0.007458333333333345,1.295187929649139
2017-05-12,0.035589677829180474,0.8,0.0016,0.0339327343446536,0.03336972014485887,5,2.1349626204626193,train,0.0115818974320694,0.0116492272908999,1.3102758682260522
2017-05-19,0.05868725432309688,1.0,0.002,0.05656987981445072,0.0550276986357643,5,2.2557371993105346,train,0.0129839425483465,0.01306859992913778,1.3273993393447023
2017-05-26,0.03213617300875569,1.0,0.002,0.030071900662738127,0.029628606273864044,5,2.3235715042894443,train,-0.0062069257846511,-0.006187702613631774,1.319185786983306
2017-06-02,0.05460735568013271,1.0,0.002,0.05249814096877259,0.05116652027238592,5,2.4455546886726545,train,0.0146590197943901,0.014766990159851723,1.3386661905187047
2017-06-09,0.015333907576317984,1.0,0.002,0.013303239761165209,0.01321552870492478,5,2.4780884890451085,train,0.0152488791580423,0.015365736541642194,1.3592357825194188
2017-06-16,0.03628368344052548,1.0,0.002,0.034211116073644465,0.03363892939799263,5,2.562866661984593,train,0.0101552906734376,0.010207030634228342,1.373109543790734
2017-06-23,0.09906370430813169,0.8,0.0016,0.09730520238123863,0.09285735807805048,5,2.8122469212051335,train,0.0096540336199372,0.009700784125043826,1.3864297830550851
2017-06-30,0.09928762441820106,0.6000000000000001,0.0012000000000000001,0.09796847926889929,0.09346163526989938,5,3.0877584754042444,train,-0.0009534854478331,-0.0009530310250234209,1.385108472457817
2017-07-07,0.08942876002223359,0.4,0.0008,0.08855721701421593,0.08485316532173669,5,3.3612017727981027,train,0.0024077316518608,0.0024106325654544847,1.3884474600482108
2017-07-14,0.05900346846179792,0.6000000000000001,0.0012000000000000001,0.057732664299643854,0.05612762126099227,5,3.5552529063904235,train,-0.0204494413735829,-0.02024176954732515,1.360342826533346
2017-07-21,0.04180248024142857,1.0,0.002,0.03971887528094564,0.038950364382485406,5,3.696463553171564,train,0.0197933620030411,0.019990549444779848,1.3875368270690125
2017-07-28,0.037995006901710114,1.0,0.002,0.03591901688790666,0.03528897175481657,5,3.829236889963465,train,0.0148044881223793,0.01491461735448918,1.408231407910009
2017-08-04,-0.009659333782803438,1.0,0.002,-0.011640015115237823,-0.01170829042541213,5,3.784664514684464,train,-0.0212724902991863,-0.02104782674849104,1.3785911972145353
2017-08-11,0.02415985362413218,0.8,0.0016,0.022521197858333508,0.02227134012172038,5,3.8698996930470866,train,-0.004036214557724,-0.004028079991710731,1.3730381215962868
2017-08-18,0.029163055791560397,1.0,0.002,0.027104729679977124,0.026743902066544336,5,3.9747922781157543,train,0.0034532034834335,0.00345917265953144,1.3777876975270071
2017-08-25,0.04495707184662992,1.0,0.002,0.0428671577029367,0.04197380232970959,5,4.145180325538157,train,0.0219188964324871,0.022160880214610712,1.4083206856530677
2017-09-01,0.001113399758376387,1.0,0.002,-0.0008888270411404608,-0.0008892222821129234,5,4.141495977174415,train,0.0156865468345858,0.015810226566759233,1.430586554771896
2017-09-08,0.018840599634320655,0.8,0.0016,0.017210454674905673,0.0170640324081201,5,4.21277300597588,train,0.0057497887121754,0.0057663504742886396,1.438835818230516
2017-09-15,0.02072464774552727,0.6000000000000001,0.0012000000000000001,0.019499778168232673,0.019312093443563143,5,4.294921145065528,train,0.0016243532509237,0.0016256732272714736,1.4411748950986525
2017-09-22,-0.03304433528768998,0.8,0.0016,-0.03459146435122973,-0.03520391422784289,5,4.146353533384651,train,-0.0033632249132376,-0.0033575756073991325,1.4363360414248734
2017-09-29,0.008050629512031792,0.8,0.0016,0.0064377485048123795,0.0064171147113424,5,4.173046714644621,train,0.0041929822877876,0.004201785137117442,1.4423712168556384
2017-10-06,0.03174071117775419,0.8,0.0016,0.030089926039869708,0.029646105265349474,5,4.298613381649199,train,0.0161477031287244,0.016278781876702286,1.465851263280065
2017-10-13,0.01774321264861296,1.0,0.002,0.015707726223315843,0.015585636730995965,5,4.366134823788027,train,0.0071489996729983,0.007174614775564914,1.4763681814123746
2017-10-20,0.019967393033256564,1.0,0.002,0.017927458247189998,0.017768656500077157,5,4.444408523543089,train,0.0162310651156405,0.01636350442649115,1.5005267386840466
2017-10-27,-0.03185277550376171,1.0,0.002,-0.033789069952754214,-0.03437311451922707,5,4.294236093042475,train,0.0039902671554229,0.003998238870973614,1.5065262030175883
2017-11-03,0.02016120161183075,0.8,0.0016,0.01852894368925173,0.01835937423798734,5,4.373803751798811,train,0.0286010826804527,0.029014021073092033,1.550236586019106
2017-11-10,0.021913584248958617,1.0,0.002,0.01986975708046068,0.019674930006424594,5,4.460710169864662,train,0.0255628223675142,0.02589235323251282,1.5903758592982775
2017-11-17,0.027128359275436977,1.0,0.002,0.025074102556886135,0.024764905154650994,5,4.5725584741403935,train,0.0491595259608291,0.05038790151455608,1.6705115614677266
2017-11-24,0.02866693142497614,1.0,0.002,0.02660959756212611,0.026261719982233627,5,4.694232414966558,train,0.0261210061824918,0.026465149587951764,1.7147218998303728
2017-12-01,0.02034474603564334,1.0,0.002,0.018304056543572145,0.018138553830454957,5,4.780155910518776,train,-0.0212269018479291,-0.02100319681776064,1.6787072582805111
2017-12-08,0.035583788751416545,1.0,0.002,0.033512621173913626,0.03296331213470179,5,4.940351464700235,train,-0.0053324359019879,-0.005318243703199443,1.6697794839746454
2017-12-15,0.0145835507142166,1.0,0.002,0.012554383612788156,0.012476230766269187,5,5.002374532170082,train,0.0181834751211478,0.018349801103554553,1.700419605392376
2017-12-22,0.029857820972990237,0.6000000000000001,0.0012000000000000001,0.028621991587822748,0.028220034246618446,5,5.1455524539489925,train,0.0329686569872957,0.03351814516129026,1.7574145165610215
2017-12-29,0.10123612552099362,0.6000000000000001,0.0012000000000000001,0.0999146421703685,0.09523257876650447,5,5.6596684861541675,train,0.0284561664040757,0.028864910997317805,1.8081421301669496
2018-01-05,0.062398486290998936,0.6000000000000001,0.0012000000000000001,0.06112360810744977,0.05932835436110438,5,6.005607844719938,train,0.0363242634131965,0.03699205056041066,1.8750290152664943
2018-01-12,0.049057043029512,0.8,0.0016,0.047378551760664855,0.046290425052535736,5,6.290144846845257,train,0.0113249134315056,0.011389283027492425,1.8963842514061249
2018-01-19,0.07141564253526345,0.6000000000000001,0.0012000000000000001,0.0701299437642211,0.06778008387053865,5,6.7312723512233195,train,0.0492083972550755,0.050439236585159364,1.9920364253191685
2018-01-26,-0.033871196976272305,0.6000000000000001,0.0012000000000000001,-0.035030551539900756,-0.03565883777116785,5,6.495472168194682,train,-0.0095466978640625,-0.009501272812018291,1.9731095437907331
2018-02-02,-0.05915604257107701,0.4,0.0008,-0.05990871773702011,-0.061778299642436696,5,6.1063367595016365,train,-0.0959492748819621,-0.09148990081806985,1.7925899473261322
2018-02-09,0.10166266124054416,0.2,0.0004,0.1012219961760481,0.09642046881988509,5,6.724432355621573,train,0.0540819001693585,0.05557105006275265,1.89220605303098
2018-02-13,0.02730335073774017,0.6000000000000001,0.0012000000000000001,0.026070586716854915,0.025736542351750182,5,6.89974225247043,train,0.039883579579496,0.040689609617543976,1.969199178644764
2018-02-23,-0.014369081283412254,0.4,0.0008,-0.015157586018385572,-0.015273636414609866,5,6.79515881577392,train,0.016510721007603,0.01664777621616742,2.001981965895903
2018-03-02,-9.474446162769344e-05,0.2,0.0004,-0.0004947065638429837,-0.0004948289715073865,5,6.791797206105401,train,0.0019602433413835,0.001962165874367816,2.005910186590484
2018-03-09,0.016090357652670126,0.4,0.0008,0.015277485366547827,0.01516195972857507,5,6.895558788534236,train,0.0235584434941266,0.02383813567620008,2.053727345772699
2018-03-16,-0.025548177315444252,0.6000000000000001,0.0012000000000000001,-0.026717519502665654,-0.027080919817174993,5,6.711326562119796,train,0.0029516728754526,0.0029560333510114667,2.059798232300688
2018-03-23,0.02513307795432005,0.6000000000000001,0.0012000000000000001,0.02390291826077484,0.023621715736944496,5,6.871746852355512,train,0.0179296484962992,0.01809134961294756,2.0970627622533704
2018-03-30,0.023434769600551283,0.4,0.0008,0.022616021784870766,0.022364071235989328,5,7.027158428868502,train,0.0214797554137285,0.021712105989135422,2.1425944112132846
2018-04-06,0.016683486842452824,0.2,0.0004,0.01627681344771581,0.016145766228212635,5,7.141538175682738,train,-0.0363367794208243,-0.03568452281742718,2.0661369520578523
2018-04-13,-0.02090928173979472,0.8,0.0016,-0.022475826889011064,-0.02273225790307751,5,6.9810261999248295,train,-0.032747765990377,-0.03221736349966309,1.9995714668333184
2018-04-20,-0.0781197501586383,1.0,0.002,-0.07996351065832097,-0.0833419473976684,5,6.422798836981123,train,-0.0641659249293372,-0.062150625971103324,1.8752968484956705
2018-04-27,-0.025902729238696343,0.8,0.0016,-0.02746128487191446,-0.02784539438158372,5,6.2464205284437835,train,-0.0225905825496663,-0.02233732599546767,1.833407731452549
2018-05-04,0.022666178189763932,0.6000000000000001,0.0012000000000000001,0.021438978775936146,0.021212396610101374,5,6.380337405578661,train,0.0174261644291217,0.017578885858979376,1.865636996696724
2018-05-11,-0.016985235025884997,0.6000000000000001,0.0012000000000000001,-0.018164852743853932,-0.01833185920474596,5,6.2644395161502215,train,-0.0041335252751101,-0.004124994018279926,1.857941255245068
2018-05-18,-0.035590659424593524,0.4,0.0008,-0.03636218689705384,-0.03703976751804564,5,6.0366507956586775,train,-0.0765075333610742,-0.0736540642358775,1.7210963306847606
2018-05-25,0.004599761864487184,0.8,0.0016,0.002992402245504122,0.0029879339217001436,5,6.054714883054931,train,0.029612184270044,0.030054984956945807,1.7728238550129456
2018-06-01,0.040606062116915795,0.8,0.0016,0.03894109241752863,0.038202014087774586,5,6.290492094877759,train,0.0454238766320204,0.04647134065889791,1.8552093563074727
2018-06-08,-0.00739655027541135,0.6000000000000001,0.0012000000000000001,-0.008587674415080793,-0.008624760968488937,5,6.2364713968563095,train,-0.0218931449936672,-0.021655229497309914,1.815034371931078
2018-06-15,0.0112298208358246,1.0,0.002,0.009207361194152996,0.009165231846702336,5,6.293892841584169,train,-0.0333484255238933,-0.03279849681754232,1.7555039728595665
2018-06-22,0.021347278605259333,1.0,0.002,0.0193045840480488,0.019120614433219968,5,6.415393824933943,train,-0.0230365906119859,-0.022773274204867966,1.7155253995179005
2018-06-29,-0.052366438753001975,1.0,0.002,-0.05426170587549595,-0.055789392892144476,5,6.067283612129905,train,-0.0460819755105493,-0.045036324652886095,1.6382644406749398
2018-07-06,0.04068276014888943,0.8,0.0016,0.03901766773265125,0.03827571652752055,5,6.30401486814775,train,-0.008526619195678,-0.008490370677158743,1.6243549683064016
2018-07-13,0.08249718844796541,0.8,0.0016,0.0807651929464488,0.0776693022474549,5,6.8131598453109845,train,0.0256862600816492,0.026018994855559807,1.6666190518703687
2018-07-20,-0.005848403429833506,1.0,0.002,-0.007836706622973866,-0.007867574984947428,5,6.759767110427856,train,0.0022794044894981,0.0022820043068814133,1.6704222837246676
2018-07-27,0.02027765639822454,0.6000000000000001,0.0012000000000000001,0.019053323210546758,0.01887408183177652,5,6.888563138010862,train,0.025414006538179,0.02573969557037792,1.7134184447817158
2018-08-03,0.02095804117342897,0.8,0.0016,0.01932450830755128,0.019140161156631134,5,7.021681233598445,train,0.0092009756660793,0.009243434764485192,1.7292563164003214
2018-08-10,0.013233580068738959,0.8,0.0016,0.011612406340628878,0.011545499815801679,5,7.103219849277358,train,0.0004232585811762,0.0004233481677284878,1.7299883938934024
2018-08-17,0.04651023028680306,0.8,0.0016,0.044835813918344014,0.04385975720517004,5,7.421698492660645,train,0.0185799314988816,0.018753612418462406,1.7624319257209171
2018-08-24,0.029363566933549735,0.6000000000000001,0.0012000000000000001,0.028128330653229394,0.02773999450748733,5,7.630458481870778,train,0.0025194919706936,0.002522668557823904,1.766877957325239
2018-08-31,-0.0018181119342914219,0.8,0.0016,-0.0034152029551965946,-0.003421048072778837,5,7.604398917513988,train,-0.0210787812914119,-0.02085817652646671,1.7300241049906258
2018-09-07,0.03597630924769826,1.0,0.002,0.03390435662920299,0.03334227338362583,5,7.862221170364108,train,0.0228961558879827,0.023160284859118585,1.7700919560753503
2018-09-14,0.06261232353472397,0.8,0.0016,0.06091214381706833,0.05912905112986557,5,8.341125917014926,train,0.0116633139664809,0.01173159561805237,1.7908579591107936
2018-09-21,0.046481769368895406,1.0,0.002,0.044388805830157585,0.04343183950710908,5,8.711378535750196,train,0.0140193375759565,0.014118069334077665,1.8161414159450044
2018-09-28,0.06866023100395993,0.8,0.0016,0.0669503746343536,0.06480446199187372,5,9.294608592300339,train,-0.0086299362565071,-0.008592805246133706,1.8005356664583516
2018-10-05,-0.018503428374382992,0.6000000000000001,0.0012000000000000001,-0.019681224260333696,-0.01987747884302722,5,9.11167931618325,train,-0.0387317362414509,-0.03799125338410714,1.73213105972681
2018-10-12,0.015710588270398153,1.0,0.002,0.013679167093857192,0.013586451842422938,5,9.236319500054964,train,-0.0121550520602612,-0.012081477816262454,1.7112043567538613
2018-10-19,-0.020790949110111256,1.0,0.002,-0.022749367211891025,-0.023012126790112407,5,9.026199076061864,train,-0.0619180306375263,-0.0600400684502691,1.6084635300419603
2018-10-26,0.0562080671812399,1.0,0.002,0.054095651046877524,0.05268319652045049,5,9.514477191560156,train,0.0263369150806693,0.02668679647432337,1.651388268904562
2018-11-02,0.024474231156469985,1.0,0.002,0.02242528269415711,0.022177533105097805,5,9.727842032268002,train,-0.0114945669248386,-0.0114287567848107,1.6325149540219623
2018-11-09,0.02753091122832452,0.6000000000000001,0.0012000000000000001,0.02629787413485074,0.02595803027973235,5,9.983663597636298,train,-0.0177661805676691,-0.017609292456441383,1.6037675207570754
2018-11-16,0.0558287087005914,0.8,0.0016,0.054139382766670296,0.05272468309011435,5,10.524172982562401,train,0.0217830831341397,0.022022066600607904,1.6390857959110794
2018-11-23,-0.014651783803877997,0.8,0.0016,-0.016228340949791864,-0.016361462669299276,5,10.35338311518679,train,0.0092925076781389,0.009335817074632047,1.654388001071333
2018-11-30,0.09166341528072725,0.6000000000000001,0.0012000000000000001,0.09035341918239026,0.08650188146935173,5,11.288846679749144,train,0.0340062367652206,0.034591059209532204,1.711615034371931
2018-12-07,0.018375847659516456,0.6000000000000001,0.0012000000000000001,0.01715379664232497,0.017008331436616432,5,11.482493260019945,train,-0.006856404075887,-0.006832952565747563,1.6999196500312472
2018-12-14,0.005248009027678637,1.0,0.002,0.003237513009623383,0.003232283548305781,5,11.519667981332173,train,-0.042682013551559,-0.041783958657199194,1.6288902776537808
2018-12-21,0.009728914332869243,1.0,0.002,0.007709456504203516,0.00767989050570101,5,11.60847836057712,train,-0.0218537065871759,-0.02161664437769928,1.593679135791447
2018-12-28,-0.01795002865795812,1.0,0.002,-0.019914128600642234,-0.020115087279371426,5,11.377305629646814,train,-0.0131272184609217,-0.013041432316758916,1.572895277207392
2019-01-04,0.07546073713342646,1.0,0.002,0.07330981565915962,0.07074715977160112,5,12.211373808054141,train,0.0244572380044788,0.024758769440345274,1.6118382287295778
2019-01-11,0.0038291512640019837,1.0,0.002,0.0018214929614741582,0.0018198360548938124,5,12.233616739495442,train,-0.0004542911197737,-0.0004541879451872566,1.6111061512364968
2019-01-18,0.09703178832790021,0.6000000000000001,0.0012000000000000001,0.0957153501819068,0.09140743780621503,5,13.404561649707485,train,0.007266013261194,0.007292474786656289,1.6228551022230158
2019-01-25,0.02335844972549046,1.0,0.002,0.021311732826039487,0.02108781366482221,5,13.690236086236226,train,-0.0002310803014327,-0.0002310536044363154,1.6224801357021692
2019-02-01,0.056287158587210055,0.8,0.0016,0.05459709913347033,0.053158797431016584,5,14.437683262997078,train,0.0454163961769562,0.046463512606336854,1.6978662619408982
2019-02-15,0.02144925648206606,0.8,0.0016,0.019814937671694732,0.019621177179901757,5,14.723765056977035,train,0.039204938333574,0.039983594316903126,1.7657530577626996
2019-02-22,0.010102551003140102,0.6000000000000001,0.0012000000000000001,0.008890427941936396,0.008851140768927743,5,14.854665629250091,train,-0.009428377116868,-0.009384069328857048,1.749183108651013
2019-03-01,0.037637715895468334,1.0,0.002,0.0355624404636774,0.034944699855605825,5,15.382933791298132,train,0.0057204667212344,0.005736859834835517,1.7592179269708057
2019-03-08,0.037791518242892994,1.0,0.002,0.035715935206407146,0.035092912423084655,5,15.932349657872587,train,0.0189713989467374,0.01915249936564334,1.7929113472011424
2019-03-15,0.006723076092611354,0.6000000000000001,0.0012000000000000001,0.005515008401300259,0.005499856425787362,5,16.02021670008821,train,-0.0154657518784183,-0.015346771302234719,1.7653959467904652
2019-03-22,0.02863893641748714,0.6000000000000001,0.0012000000000000001,0.02740456969378613,0.027035786864563194,5,16.45924384515533,train,-0.0080732818273934,-0.008040780410838333,1.7512007856441387
2019-03-29,0.04769778685789219,0.8,0.0016,0.046021470398919684,0.044993891626067595,5,17.216722448563747,train,0.0086294075665857,0.008666748236061839,1.76637800196411
2019-04-05,-0.013534789643939817,0.8,0.0016,-0.015113133980509619,-0.015228501239604014,5,16.956523815493355,train,-0.0064498033100407,-0.006429047975254232,1.755021873047049
2019-04-12,-0.024509174454733596,0.6000000000000001,0.0012000000000000001,-0.025679763445387804,-0.02601524441386632,5,16.521084295055402,train,-0.0171261836817833,-0.016980364228303846,1.72522096241407
2019-04-19,-0.009387009395897471,0.8,0.0016,-0.010971990180864033,-0.011032626406436612,5,16.339815120392828,train,0.0138039553466267,0.013899669844029683,1.749200964199625
2019-04-26,0.019267559185874084,0.8,0.0016,0.017636731091176694,0.017483008757291297,5,16.627996045750738,train,-0.0056301267577642,-0.005614307296557874,1.7393804124631729
2019-05-03,-0.0058998265634940174,0.8,0.0016,-0.007490386840992458,-0.007518580665172165,5,16.503445922977573,train,-0.0224124314182189,-0.022163138768554802,1.700830283010445
2019-05-10,0.01630523342820376,0.8,0.0016,0.014679145054718568,0.014572449272843655,5,16.745702399583664,train,0.0248116697347408,0.02512204083775127,1.7435586108383176
2019-05-17,0.016079151725095955,0.8,0.0016,0.014453425082335825,0.014349969996096808,5,16.98773515466714,train,-0.0066272699419604,-0.0066053580206455464,1.7320417819837508
2019-05-24,0.008487614818983413,0.8,0.0016,0.006874034635272919,0.006850516175480555,5,17.104509434495164,train,-0.0105187222054936,-0.010463593909466717,1.7139184001428436
2019-05-31,0.01522860361281806,1.0,0.002,0.01319814640559236,0.013111809697985583,5,17.330257254207467,train,-0.0016682658079424,-0.0016668750260449006,1.7110615123649666
2019-06-07,0.015615386438890556,1.0,0.002,0.013584155666012787,0.013492718160323247,5,17.56567416648067,train,-0.0048852280075056,-0.004873314688817465,1.702722971163288
2019-06-14,0.02419457080283975,1.0,0.002,0.022146181661234055,0.02190451644657304,5,17.954686777573595,train,0.0058448208800217,0.005861935172659649,1.7127042228372458
2019-06-21,0.0016818591827733038,1.0,0.002,-0.00032150453559232073,-0.00032155622925565235,5,17.948914264339464,train,-0.0097007790079986,-0.009653878231859814,1.6961699848227827
2019-06-28,0.020839473689445324,1.0,0.002,0.01879779474206633,0.018623299556694155,5,18.286314270523466,train,0.0263873034532868,0.026738530854580222,1.7415230782965794
2019-07-05,-0.002034794594672906,0.8,0.0016,-0.0036315389233214646,-0.0036381489687411376,5,18.21990680848597,train,6.151511735948676e-05,6.151700945311589e-05,1.7416302115882498
2019-07-12,0.017796872879311133,0.8,0.0016,0.0161683978827043,0.016039081369491774,5,18.514493511151365,train,0.0070898373332102,0.0071150297313922195,1.7540219623247912
2019-07-19,0.011231302418741108,0.8,0.0016,0.00961333233487105,0.009567418279099833,5,18.692479490285876,train,0.0111455886049099,0.011207932080542271,1.773680921346307
2019-07-26,0.00513923938387837,1.0,0.002,0.0031289609051106115,0.003124075894290422,5,18.750967527830564,train,-0.0022676318014097,-0.0022650626667337637,1.7696634229086676
2019-08-02,0.03373462201214372,0.8,0.0016,0.032080646616924335,0.031576809952767675,5,19.35251069081632,train,-0.0170551187076114,-0.016910503480980554,1.7397375234354064
2019-08-09,0.014087416277209887,1.0,0.002,0.012059241444655644,0.01198710812886721,5,19.585887289797153,train,0.0057922529595662,0.005809060492230511,1.749843763949646
2019-08-16,0.01856046589008682,1.0,0.002,0.01652334495830665,0.016388319841542556,5,19.909511661800984,train,0.0126240617939691,0.01270408163265313,1.7720739219712514
2019-08-23,0.003613184889762165,1.0,0.002,0.0016059585199827975,0.001604670347582057,5,19.94148551168295,train,-0.0084897626555141,-0.008453826389238861,1.7570931166860089
2019-08-30,-0.012449876980319139,1.0,0.002,-0.014424977226358604,-0.014530028677366606,5,19.653830037317164,train,-0.0101934350098609,-0.010141658028981926,1.739273279171501
2019-09-06,0.04769617406668028,0.8,0.0016,0.04601986018817361,0.0449923522580613,5,20.558296547796626,train,0.0133994764719813,0.013489651773981537,1.7627354700473157
2019-09-13,0.009621101416043712,0.8,0.0016,0.008005707653777838,0.007973831988084134,5,20.722880259817956,train,0.0031756011274,0.0031806486902614672,1.7683421123113992
2019-09-20,0.0002493531507245187,0.8,0.0016,-0.0013510458143165538,-0.0013519592995790723,5,20.694882699182344,train,0.0075244294248605,0.007552809079526712,1.781698062672974
2019-09-27,0.017059996963427436,1.0,0.002,0.01502587696950064,0.014914106720002264,5,21.005841460518504,train,-0.0103253109545986,-0.010272187925919884,1.7633961253459498
2019-10-04,0.0199554444984315,0.8,0.0016,0.018323515787234124,0.018157663110842732,5,21.39074232814445,train,0.0042941720907541,0.004303405259267423,1.7709847335059354
2019-10-11,-0.03039901558182325,1.0,0.002,-0.032338217550659576,-0.032872651055502446,5,20.699003849166814,train,-0.0026652683063481,-0.0026617196321987446,1.7662708686724384
2019-10-18,0.016983671465556908,0.8,0.0016,0.015356497591211937,0.01523977998113373,5,21.016868051917033,train,0.0074228473989751,0.007450465022240227,1.7794304079992842
2019-10-25,-0.03010917412378744,0.8,0.0016,-0.03166099944518941,-0.032173045829061164,5,20.351453004185668,train,0.018905620339592,0.019085463138565295,1.8133916614587968
2019-11-01,0.017726971452902383,0.8,0.0016,0.016098608298577677,0.015970399858704278,5,20.679083074406964,train,0.0067711045322042,0.006794080288305304,1.8257119900008911
2019-11-08,0.005145707512712926,0.8,0.0016,0.003537474380692407,0.0035312322348180387,5,20.752234800998888,train,-0.0122607955535549,-0.012185938248784889,1.803463976430674
2019-11-15,-0.021523742378000497,1.0,0.002,-0.023480694893244447,-0.023760759166243123,5,20.264957907283662,train,-0.0324506165097091,-0.0319297446610497,1.7458798321578413
2019-11-22,0.038442320566884305,0.8,0.0016,0.036780812853977274,0.036120540323854734,5,21.01031953156519,train,-0.0072157272429918,-0.007189756386917212,1.7333273814837942
2019-11-29,0.06821517227349352,0.6000000000000001,0.0012000000000000001,0.06693331406676539,0.0647884718348854,5,22.416609847414538,train,-0.0074342097330809,-0.007406644347154212,1.7204892420319595
2019-12-06,0.0763918962448731,1.0,0.002,0.07423911245238335,0.07161260859939071,5,24.08079906667795,train,0.0027153933792638,0.0027190833990617946,1.7251673957682332
2019-12-13,-0.00521343877250493,1.0,0.002,-0.007203011894959865,-0.007229078834213938,5,23.907344784560532,train,-0.0101634608522497,-0.010111987414353263,1.707722524774572
2019-12-20,0.06834823810230042,1.0,0.002,0.06621154162609577,0.06411175035834044,5,25.490286938932886,train,0.0073961752220442,0.007423594483537466,1.7203999642889012
2019-12-27,0.021427354861824552,1.0,0.002,0.019384500152100914,0.01919901393485305,5,25.984403409977727,train,0.0016903019086844,0.0016917312741953072,1.7233104187126134
2020-01-03,0.023590459773722875,0.8,0.0016,0.021952715038084936,0.021715223625135484,5,26.55483161347161,train,0.0035166144386483,0.0035228049816606877,1.729381305240602
2020-01-10,0.012553273012130939,1.0,0.002,0.01052816646610677,0.010473131264369885,5,26.834405301177675,train,0.0107010007023258,0.010758461189006141,1.7479867868940255
2020-01-17,0.032167387857503775,1.0,0.002,0.030103053081788733,0.029658848772440544,5,27.64220282837726,train,0.012687820553865,0.012768652447495255,1.7703062226586894
2020-01-22,-0.050982402069082826,0.8,0.0016,-0.052500830225772344,-0.053929218253667595,5,26.190964230618263,train,-0.0569009538768133,-0.05531236761947034,1.672386394071956
2020-01-31,-0.039553642769380316,0.8,0.0016,-0.041090356940949424,-0.041958428496957925,5,25.11476816175452,train,0.004399779119082,0.004409472358053446,1.679760735648601
2020-02-07,0.012622966837839613,1.0,0.002,0.01059772090416411,0.010541958682314938,5,25.38092746530558,train,-0.0035140063845868,-0.003507839489768738,1.67386840460673
2020-02-14,0.04164643477384635,0.8,0.0016,0.03997980047820815,0.03920129034755228,5,26.39565188132037,train,-0.0046617638713661,-0.004650914715451537,1.6660833854120154
2020-02-21,-0.022182540019507504,1.0,0.002,-0.02413817493946846,-0.024434275275284533,5,25.758509018567747,train,-0.0560942069091176,-0.05454993623337512,1.575198642978304
2020-02-28,0.04503716576845643,1.0,0.002,0.04294709143691966,0.04205044744233652,5,26.864762060666894,train,0.0104306804303224,0.010485269613121906,1.5917150254441554
2020-03-06,-0.11603836453664212,1.0,0.002,-0.11780628780756874,-0.1253436187540281,5,23.699924169466115,train,-0.1571803326487982,-0.1454500583325855,1.36019998214445
2020-03-13,-0.039159752046571385,1.0,0.002,-0.04108143254247831,-0.041949121721280895,5,22.726297333436342,train,-0.0707731840701984,-0.06832681351571313,1.26726185162039
2020-03-20,-0.07369092289645901,1.0,0.002,-0.07554354105066619,-0.07854932612793951,5,21.009472357898247,train,-0.0194487525044314,-0.019260845673707006,1.2428533166681537
2020-03-27,0.020222278302132277,1.0,0.002,0.018181833745527953,0.01801852078846458,5,21.39146309139082,train,0.0082125996337443,0.008246415538890384,1.2531024015712873
2020-04-03,0.0835626146916455,1.0,0.002,0.08139548946226216,0.07825232694011121,5,23.13263170002849,train,0.0769557636874583,0.07999430037047617,1.3533434514775458
2020-04-10,0.09663305410573009,0.8,0.0016,0.09487844121916078,0.09064334452086974,5,25.32741973702414,train,0.0409222612826989,0.0417711164472121,1.4098741183822865
2020-04-17,-0.006052331962261915,0.8,0.0016,-0.007642648231122373,-0.007672002927841657,5,25.13385117737208,train,-0.0165238139554625,-0.01638804457953391,1.3867690384787064
2020-04-24,1.389302489527254e-05,0.8,0.0016,-0.0015861292039447417,-0.0015873884385859192,5,25.09398564201205,train,-0.0097686719749534,-0.009721113485952615,1.3732880992768497
2020-04-29,0.01669414774061859,1.0,0.002,0.014660759445137339,0.014554329479761222,5,25.46188252902932,train,0.0563946134589249,0.0580151083720144,1.4529595571823934
2020-05-08,0.05348001284767041,1.0,0.002,0.05137305282197513,0.05009697926876489,5,26.76993716514007,train,0.0162123544132474,0.016344487729345047,1.4767074368359958
2020-05-15,0.03497662918538826,1.0,0.002,0.03290667592701757,0.03237684329450673,5,27.65084681201996,train,0.0306137244026235,0.03108714315079264,1.5226140523167564
2020-05-22,0.0281460915645825,0.8,0.0016,0.0265010578180791,0.026155987985895586,5,28.38362350210415,train,0.0136619079175948,0.013755658231113799,1.543558610838317
2020-05-29,0.06770161862244656,1.0,0.002,0.06556621538520169,0.06350631552022587,5,30.244630274055584,train,0.0248486243984966,0.02515992457806515,1.582394429068832
2020-06-05,0.12440855981426813,0.8,0.0016,0.12260950611856525,0.11565589143823413,5,33.95290945469615,train,-0.0259481679094106,-0.025614407257791516,1.5418623337202024
2020-06-12,0.031102475327299352,1.0,0.002,0.029040270376644584,0.028626591534775057,5,34.93891112533426,train,0.005819609053264,0.005836575875486361,1.5508615302205149
2020-06-19,-0.014743991749607324,1.0,0.002,-0.016714503766108058,-0.016855767397465596,5,34.354924563746145,train,-0.0192736155482074,-0.01908906696140722,1.5212570306222648
2020-06-26,-0.011780333404249046,0.8,0.0016,-0.013361484870802243,-0.013451552702835826,5,33.8958917589501,train,-0.0051424280329082,-0.005129228385642892,1.5134541558789385
2020-07-03,0.015701778196851812,1.0,0.002,0.01367037464045806,0.013577778001806717,5,34.35926129806736,train,0.0274624256309624,0.02784299382970934,1.5555932506026235
2020-07-10,0.05770040170021806,0.8,0.0016,0.05600808105749766,0.05449583777135913,5,36.283657589925255,train,0.0009293094523316,0.0009297413941529165,1.5570395500401737
2020-07-17,-0.047280399256833056,1.0,0.002,-0.049185838458319364,-0.050436649263643156,5,34.49901546903022,train,-0.0503992192944646,-0.04915024884750352,1.4805106686902942
2020-07-24,-0.023112327492324728,0.6000000000000001,0.0012000000000000001,-0.024284592699333918,-0.024584325970396434,5,33.6612209298368,train,-0.0378159402625956,-0.03710984610931545,1.4255691456119977
2020-07-31,0.05646314171299274,1.0,0.002,0.05435021542956675,0.05292466763239474,5,35.49071553899567,train,0.0525412784671804,0.05394606645874833,1.5024729934827237
2020-08-07,0.05393315023319363,1.0,0.002,0.05182528393272734,0.05052702061086626,5,37.330031948779784,train,0.0109680806416262,0.011028450550234048,1.51904294259441
2020-08-14,0.04478907536737373,1.0,0.002,0.04269949721663879,0.041813020619603514,5,38.924005544073744,train,0.0047375669078352,0.0047488069210332995,1.526256584233549
2020-08-21,0.08029028419080962,1.0,0.002,0.07812970362242799,0.07522778400829369,5,41.96512656102997,train,0.0279180184124085,0.028311378366363327,1.5694670118739382
2020-08-28,0.0013133774430500005,0.8,0.0016,-0.0002887239608588832,-0.0002887656496462312,5,41.953010223471324,train,0.025342267854887,0.025666112994607415,1.6097491295420037
2020-09-04,0.039082273164930806,1.0,0.002,0.03700410861860082,0.036335891263264544,5,43.50544397065793,train,-0.0140409229899268,-0.013942808971315723,1.5873047049370577
2020-09-11,0.04034753178314579,1.0,0.002,0.03826683671957953,0.037552819837962735,5,45.170259691495914,train,0.0133862730100975,0.013476270290335934,1.6086956521739113
2020-09-18,0.015058464760678757,0.8,0.0016,0.013434371217061702,0.013344930217354584,5,45.77709372816255,train,0.0080919290548845,0.00812475720073258,1.6217659137576983
2020-09-25,0.05452310407136492,1.0,0.002,0.052414057863222174,0.051086628003585544,5,48.176456967640604,train,0.0018040022932506,0.0018056304843272475,1.6246942237300224
2020-10-02,0.02041952310142845,1.0,0.002,0.01837868405522558,0.018211837224278868,5,49.061876849149044,train,0.0153663781207256,0.01548504797177741,1.649852691723951
2020-10-09,0.0310957678836536,1.0,0.002,0.029033576347886392,0.028620086395254558,5,50.486318596419416,train,0.0206722940141232,0.020887445887445732,1.684313900544592
2020-10-16,0.02031987519023848,0.8,0.0016,0.018687363389934042,0.018514899893707977,5,51.42977477825069,train,0.0188605582308704,0.019039542033287393,1.716382465851261
2020-10-23,-0.04040424918769259,0.8,0.0016,-0.0419396023889923,-0.042844457475589424,5,49.27283047309543,train,-0.0379432073093592,-0.03723238249797134,1.6524774573698755
2020-10-30,0.05178481842895559,1.0,0.002,0.049681248792097676,0.04848654550299456,5,51.72076622252014,train,0.0137573530896879,0.013852420932066956,1.675368270690115
2020-11-06,0.04848182275466857,0.8,0.0016,0.0468042518382612,0.04574195341403933,5,54.14151799006681,train,0.0294049265317321,0.02984152021230102,1.725363806802962
2020-11-13,0.1189127647077566,1.0,0.002,0.11667493917834104,0.11035546536083454,5,60.45847630858091,train,0.0242409469298968,0.024537147233232304,1.7676993125613762
2020-11-20,0.020289827887183833,0.6000000000000001,0.0012000000000000001,0.019065480093719334,0.018886011345554628,5,61.611146185138765,train,0.0202184647691277,0.020424242424242456,1.8038032318542967
2020-11-27,0.023916280702747404,1.0,0.002,0.021868448141341812,0.021632763478123616,5,62.9584863404171,train,0.0110942167867875,0.011155985824869763,1.8239264351397173
2020-12-04,0.004860235244220724,0.8,0.0016,0.003252458867829766,0.0032471810642825736,5,63.16325622762013,train,0.0236727782913326,0.023955202694103672,1.8676189625926232
2020-12-11,0.06279922131613812,0.6000000000000001,0.0012000000000000001,0.061523862250558725,0.05970548165467734,5,67.04930370306498,train,0.0203468706988554,0.02055527936058743,1.9060083921078448
2020-12-18,0.05769823517565764,0.4,0.0008,0.05685207658751712,0.05529475063064747,5,70.86119585233132,train,0.0157632871585214,0.01588818316377205,1.936291402553341
2020-12-25,0.06112448270941065,0.4,0.0008,0.060275583123243104,0.05852885841250291,5,75.13239575314093,train,0.0177769054470895,0.017935855111488097,1.9710204446031585
2020-12-31,0.09168834175767629,0.8,0.0016,0.08994164041086394,0.08612415390022252,5,81.88992667517665,train,0.0562052509211964,0.05781477891418385,2.0849745558432264
2021-01-08,0.027518677110146727,0.8,0.0016,0.025874647226770575,0.025545563092227445,5,84.00879963932296,train,0.0224490669113457,0.022702943418201782,2.1323096152129253
2021-01-15,0.007317035789290152,0.8,0.0016,0.00570532853202721,0.005689114785799008,5,84.48809744084654,train,-0.0232286871644157,-0.02296097806062647,2.0833497009195585
2021-01-22,-0.04610931162078378,1.0,0.002,-0.0480170929975422,-0.04920819918131267,5,80.431224608844,train,-0.099182147943532,-0.09442225612369093,1.8866351218641173
2021-01-29,0.14098226822447008,1.0,0.002,0.13870030368802122,0.12988752753151608,5,91.58705988809011,train,0.064413703815841,0.06653353649880289,2.012159628604587
2021-02-05,0.005207410824490743,0.8,0.0016,0.0035990789671715984,0.00359261778070507,5,91.91668894899843,train,-0.0106877511663881,-0.010630840084833615,1.9907686813677328
2021-02-09,0.08818141101165802,0.8,0.0016,0.0864403207540394,0.08290659122971707,5,99.86199702439912,train,0.0511991136366808,0.05253244598315576,2.095348629586642
2021-02-19,0.008832751868327682,0.6000000000000001,0.0012000000000000001,0.0076221525660857825,0.007593250731105681,5,100.6231604012731,train,-0.0042955355826967,-0.00428632296548781,2.0863672886349414
2021-02-26,0.11097968978166746,1.0,0.002,0.10875773040210412,0.10324022679511816,5,111.56670695240244,train,0.0001882626783359,0.00018828040086615871,2.0867601107044
2021-03-05,0.019538477628171978,1.0,0.002,0.017499400672915666,0.017348049315192026,5,113.5190574591203,train,0.0109521358539264,0.011012330044750884,2.109740201767697
2021-03-12,0.0006349048894054737,0.8,0.0016,-0.0009661109584176986,-0.0009665779444074349,5,113.4093854537198,train,0.0105152908820275,0.010570770845323096,2.1320417819837494
2021-03-19,-0.03652084935140296,0.8,0.0016,-0.03806241599244076,-0.038805711910349074,5,109.09275024713327,train,-0.027027525147663,-0.026665550018843298,2.0751897152039978
2021-03-26,0.16582846924779615,1.0,0.002,0.16349681230930035,0.15142996401369765,5,126.9290671585942,train,0.0521683985904663,0.05355314444033343,2.186322649763412
2021-04-02,0.14639213870308032,0.8,0.0016,0.14455791128115525,0.13501845876440294,5,145.27766798790606,train,0.0058710894141771,0.005888358038302899,2.19919650031247
2021-04-09,0.06922505284989847,0.8,0.0016,0.06751429276533871,0.06533285503835366,5,155.08598699670722,train,0.0057076625276528,0.0057239822678336605,2.21178466208374
2021-04-16,-0.016546453208386592,0.6000000000000001,0.0012000000000000001,-0.01772659746453642,-0.01788559539041933,5,152.33684013282627,train,0.0078963437584367,0.007927602102186793,2.22931881082046
2021-04-23,0.00825924091972905,0.6000000000000001,0.0012000000000000001,0.007049329830625339,0.007024599458775302,5,153.4107127642778,train,-0.0073475361904876,-0.007320609036226555,2.212998839389338
2021-04-29,0.01665251679587474,0.6000000000000001,0.0012000000000000001,0.015432533775719515,0.015314663372139567,5,155.77822877056974,train,0.0019506696496567,0.0019525734433873954,2.2173198821533764
2021-05-07,0.05707036727623112,0.8,0.0016,0.05537905468858906,0.05389999594124732,5,164.40507982094667,train,0.0195766507460883,0.019769529960299792,2.261155253995176
2021-05-14,-0.007110531013408439,0.8,0.0016,-0.00869915416378697,-0.008737212684077983,5,162.97489468627455,train,0.013779043158838,0.013874411699674738,2.292527452905988
2021-05-21,0.08904279651781774,0.8,0.0016,0.08730032804338927,0.0836978607261007,5,177.20265645522315,train,0.0280544740923225,0.028451706868754423,2.3577537719846413
2021-05-28,0.07913969132995527,0.8,0.0016,0.0774130678238274,0.07456286022714947,5,190.92045771795372,train,0.0397824224999234,0.040584341820274705,2.453441656994908
2021-06-04,0.02629136595978092,1.0,0.002,0.024238783227861438,0.023949686179471085,5,195.54813730634328,train,-0.0163699318049768,-0.016236672610167036,2.413605928042136
2021-06-11,0.03225511600877387,0.6000000000000001,0.0012000000000000001,0.031016409869563333,0.030545121367481658,5,201.61333848226647,train,0.019073598662578,0.019256661784070817,2.460083921078472
2021-06-18,0.02623058995288863,1.0,0.002,0.024178128772982976,0.023890465368960452,5,206.48797174244172,train,0.0089238242540038,0.0089637602792918,2.4821355236139597
2021-06-25,0.019097114060469475,1.0,0.002,0.01705891983234853,0.01691505032665497,5,210.01043349874027,train,0.021456920032209,0.021688775069778288,2.5359700026783285
2021-07-02,-0.037559359338570734,0.8,0.0016,-0.03909926436362898,-0.0398841681290435,5,201.7991800402527,train,-0.0528631676867307,-0.05149020960803219,2.4053923756807394
2021-07-09,-0.013228376275800535,1.0,0.002,-0.015201919523248897,-0.015318653264126866,5,198.73144514542318,train,-0.0361504723681579,-0.03550484730614489,2.3199892866708294
2021-07-16,-0.01627639204372864,0.8,0.0016,-0.01785034981645872,-0.018011588976082783,5,195.184019330047,train,-0.0237381383215508,-0.02345860495185892,2.265565574502273
2021-07-23,0.0632347040627245,1.0,0.002,0.061108234654599025,0.05931386635603232,5,207.1113701840953,train,0.0319700884162934,0.03248662153322357,2.3391661458798287
2021-07-30,0.06822613901128097,0.8,0.0016,0.06651697718886296,0.06439817740440917,5,220.88779247018493,train,0.0236858140545486,0.023968550818671108,2.3952325685206644
2021-08-06,0.0553447154637706,1.0,0.002,0.053234026032842996,0.05186545540341499,5,232.64653896487997,train,0.0115621076795603,0.011629207201162783,2.4230872243549646
2021-08-13,0.028840756899230935,1.0,0.002,0.026783075385432564,0.02643068700544811,5,238.87752875613631,train,-0.0205629472156144,-0.02035297151910387,2.373770199089364
2021-08-20,0.05239762861715076,1.0,0.002,0.05029283335991641,0.049069014201353935,5,250.89135650329732,train,-0.0122833722968082,-0.012208239621491868,2.3447906436925234
2021-08-27,0.14507879133524768,1.0,0.002,0.142788633752577,0.1334714453612262,5,286.71579051873385,train,0.0162021785491068,0.016334145598537964,2.3830907954646867
2021-09-01,0.08115469341651044,1.0,0.002,0.07899238402967734,0.07602762789119602,5,309.3641543507622,train,0.0079553845735818,0.007987112726182799,2.402124810284792
2021-09-10,0.02645373201875234,1.0,0.002,0.02440082455471493,0.02410788025770314,5,316.9128948045929,train,0.0054337686282988,0.005448558324847141,2.415212927417191
2021-09-17,0.09004551696564038,1.0,0.002,0.0878654259317091,0.08421745138258342,5,344.75858128984936,train,-0.0010873546179921,-0.0010867636621717525,2.4125881617712666
2021-09-24,-0.029616591991240605,0.8,0.0016,-0.03116920544405466,-0.03166530096029275,5,334.0127302410252,train,-0.0121219923246479,-0.012048816951234831,2.3835193286313685
2021-10-01,0.07425098861301965,0.6000000000000001,0.0012000000000000001,0.07296188742668397,0.07042294337810057,5,358.3829294639503,train,0.0279525663218534,0.02834690498842596,2.451084724578158
2021-10-08,0.037692651747310804,0.8,0.0016,0.03603234350451512,0.035398362948922596,5,371.29630628454976,train,0.0144428513014079,0.014547653216583134,2.486742255155786
2021-10-15,0.08466375791551407,1.0,0.002,0.08249443039968307,0.07926803575395809,5,401.926183581,train,-0.0024874740534089,-0.0024843828534500956,2.480564235336127
2021-10-22,0.12435797775699414,1.0,0.002,0.12210926180148007,0.11521018364399667,5,451.00509315676203,train,0.038847168577857,0.039611586191010906,2.5788233193464825
2021-10-29,0.08917046941296346,0.8,0.0016,0.08742779666190259,0.08381508790241872,5,490.4354747347539,train,0.0084391595665416,0.00847486965733557,2.6006785108472417
2021-11-05,0.13132189826424356,1.0,0.002,0.12905925446771516,0.12138476781837793,5,553.7307114685411,train,0.0115091308217529,0.011575615684066731,2.63078296580662
2021-11-12,0.17606292885179128,1.0,0.002,0.1737108029940877,0.1601703563024974,5,649.9197180002288,train,-0.0143693598022115,-0.014266613274330209,2.593250602624761
2021-11-19,0.020518239609470836,1.0,0.002,0.018477203130251807,0.018308573646058014,5,661.9284166480751,train,0.0276246779386667,0.028009777257548052,2.6658869743772837
2021-11-26,-0.024400510563183733,0.8,0.0016,-0.02596146974628266,-0.02630441733997928,5,644.7437820850613,train,-0.0338615966977765,-0.03329470941642154,2.577127042228368
2021-12-03,0.06248333964157608,0.6000000000000001,0.0012000000000000001,0.06120835963400628,0.059408220779638095,5,684.2074913707131,train,0.0139121430869496,0.014009367292076691,2.6132309615212885
2021-12-10,0.07506038749736473,1.0,0.002,0.07291026672237,0.07037483174738285,5,734.0932420599955,train,0.0110420273012447,0.011103215491206297,2.642246228015352
2021-12-17,0.027174883664488683,0.8,0.0016,0.025531403850625578,0.025210921026442457,5,752.8356730870444,train,-0.0018668710314443,-0.0018651295116197675,2.637318096598514
2021-12-24,0.04694217160204861,1.0,0.002,0.04484828725884449,0.04387169522057973,5,786.5990636123577,train,0.0142844687311994,0.014386979275979428,2.6752611373984423
2021-12-31,0.13707996201800954,0.8,0.0016,0.13526063407878075,0.12686225812120464,5,892.9949517223404,train,0.019955994023281,0.020156446058146704,2.7291848942058707
2022-01-07,-0.15957314535592831,0.8,0.0016,-0.16091782832335888,-0.175446637290907,5,749.2961433874586,validation,-0.0214655290926825,-0.021236784256254526,2.6712257834121917
2022-01-14,-0.06619353401811101,1.0,0.002,-0.06806114695007481,-0.07048807476439646,5,698.2981884632405,validation,-0.0155817912837434,-0.01546102324835208,2.6299258994732577
2022-01-21,-0.07450961692976511,0.8,0.0016,-0.07599040154267755,-0.07903281945358202,5,645.2342287253946,validation,0.004112680898918,0.004121149576682637,2.6407642174805783
2022-01-28,0.04649381131173933,1.0,0.002,0.0444008236891158,0.04344334651460137,5,673.8831599532134,validation,0.0152653207395374,0.015382430897387334,2.6813855905722668
2022-02-11,0.01782949873857347,1.0,0.002,0.015793839741096383,0.01567041492587886,5,684.5263625857381,validation,0.0020821214553373,0.0020842905754105967,2.686974377287738
2022-02-18,-0.010685848481813087,1.0,0.002,-0.012664476784849499,-0.012745354848780215,5,675.8571943581535,validation,-0.0039617460839131,-0.003953908721192834,2.6763503258637584
2022-02-25,0.06846533164099539,0.6000000000000001,0.0012000000000000001,0.06718317324302614,0.06502262885385614,5,721.2634253342629,validation,0.004287309094858,0.004296512752770321,2.687849299169713
2022-03-04,0.008429276483426328,1.0,0.002,0.006412417930459435,0.006391945849023014,5,725.8884678554609,validation,-0.0261062583776842,-0.02576843615685598,2.618587626104808
2022-03-11,0.03100753952037252,1.0,0.002,0.028945524441331916,0.02853451516027512,5,746.8996902434521,validation,0.0017440835040556,0.0017456053022759654,2.6231586465494114
2022-03-18,0.041793932178014574,1.0,0.002,0.039710344313658386,0.038942159277731744,5,776.5593341107844,validation,0.0198146393803366,0.020012252399428387,2.675653959467901
2022-03-25,0.026290820075001567,0.8,0.0016,0.02464875476288153,0.024349875582637254,5,795.7005546961077,validation,0.0119008748018717,0.011971971971971973,2.707686813677346
2022-04-01,-0.022175153073994935,1.0,0.002,-0.02413080276784696,-0.024426720779775337,5,776.4996615484695,validation,-0.0229729557025575,-0.022711086492047228,2.6461923042585447
2022-04-08,-0.0020750370067682752,1.0,0.002,-0.004070886932754703,-0.004079195549590317,5,773.3386192229833,validation,-0.0159428792387675,-0.015816464237516925,2.6043388983126468
2022-04-15,-0.15644248245376524,1.0,0.002,-0.1581295974888577,-0.17212919284368378,5,651.0508946426639,validation,-0.0559242752042624,-0.054389260640631765,2.4626908311757845
2022-04-22,0.03179156897028816,1.0,0.002,0.029727985832347592,0.02929467593835796,5,670.4053264147383,validation,-0.0090531311718654,-0.009012274965016664,2.4404963842514027
2022-04-29,-0.04533840157313132,0.8,0.0016,-0.046865860130614334,-0.0479996298611796,5,638.9862041561663,validation,-0.0278498448456789,-0.027465613110916,2.373466654762964
2022-05-06,-0.14314364645109373,1.0,0.002,-0.14485735915819165,-0.15648699256625834,5,546.424350083587,validation,-0.1167632512829283,-0.11020417375080871,2.111900723149716
2022-05-13,0.05469160312030735,1.0,0.002,0.05258221991406664,0.05124640220649271,5,575.1565554260831,validation,0.0478246512699631,0.04898670071104272,2.215355771806085
2022-05-20,0.12355420582231412,0.8,0.0016,0.12175651909299834,0.11489577739528879,5,645.185615548282,validation,0.035425055195556,0.0360599979044256,2.2952414962949703
2022-05-27,0.041433167004922944,1.0,0.002,0.03935030067091305,0.0385958070467729,5,670.5738635086551,validation,0.0019662480153795,0.00196818234859375,2.2997589500937377
2022-06-03,-0.01971069024991219,0.8,0.0016,-0.02127915314551243,-0.0215088182208793,5,656.3046195716765,validation,-0.0030325909884662,-0.0030279973291510442,2.2927952861351626
2022-06-10,0.0555359120965675,1.0,0.002,0.05342484027237426,0.05204660883371645,5,691.3675890423148,validation,-0.0534072171894116,-0.05200610553859564,2.1735559325060225
2022-06-17,-0.016670298323640156,1.0,0.002,-0.01863695772699292,-0.01881281420435579,5,678.4826005115201,validation,-0.0264875355711676,-0.026139817629179163,2.1167395768234942
2022-06-24,0.03248273464350513,0.6000000000000001,0.0012000000000000001,0.031243755361932912,0.03076560324180913,5,699.6809448992301,validation,0.0112567138692251,0.011320309073118207,2.1407017230604377
2022-07-01,0.0037272070617325303,1.0,0.002,0.0017197526476089298,0.001718275566258352,5,700.884223056702,validation,-0.0232816891518125,-0.023012761698223527,2.0914382644406717
2022-07-08,0.03582773731836073,1.0,0.002,0.03375608184372392,0.03319885062138277,5,724.5433282531789,validation,0.0067558626025755,0.006778734920729779,2.1056155700383856
2022-07-15,0.0631645211806648,1.0,0.002,0.061038192138303415,0.05924785534431632,5,768.7681431356223,validation,0.0130666852107413,0.013152427390290322,2.1333095259351804
2022-07-22,-0.0011193329854005656,1.0,0.002,-0.0031170943194297474,-0.003121962577105652,5,766.3718203236957,validation,0.0096373643224499,0.00968395326257987,2.153968395678953
2022-07-29,0.0686484853464572,0.8,0.0016,0.06693864776990299,0.0647934709193975,5,817.671713665123,validation,0.0377504596717766,0.03847205988411129,2.236835996785997
2022-08-05,0.013218106054104074,1.0,0.002,0.011191669841995822,0.011129506482928387,5,826.822825523602,validation,0.0076260672482373,0.007655219758289755,2.253959467904646
2022-08-12,0.009630089665056941,0.8,0.0016,0.008014681521592903,0.007982734544688529,5,833.4495471449573,validation,0.0054118030095374,0.005426473267687637,2.266190518703683
2022-08-19,0.02083439140337702,0.8,0.0016,0.019201056377131653,0.01901904231200223,5,849.4526588871825,validation,0.0104948548250138,0.010550118974455902,2.29009909829479
2022-08-26,-0.009465389269514811,1.0,0.002,-0.011446458490975808,-0.011512473438683758,5,839.7294342871813,validation,-0.0016074413936075,-0.0016061501516484444,2.2864208552807743
2022-08-31,0.0013032195464391496,0.8,0.0016,-0.00029886560483527447,-0.0002989102740604363,5,839.4784680419051,validation,-0.0250913613603051,-0.024779189541667024,2.229765199535752
2022-09-09,-0.006063956530355341,0.8,0.0016,-0.007654254199906729,-0.0076836983484803445,5,833.0528864521641,validation,-0.0118818383452497,-0.011811528051378195,2.2034282653334483
2022-09-16,-0.024495146978139374,0.8,0.0016,-0.026055954742974397,-0.02640142539123565,5,811.3468981442624,validation,-0.0252340750060075,-0.024918356928113616,2.148522453352375
2022-09-23,-0.09189403711024358,0.8,0.0016,-0.09334700665086726,-0.09799548933884825,5,735.6100938470294,validation,-0.0609680131599576,-0.05914666578020089,2.021444513882685
2022-09-30,-0.1293343128833732,1.0,0.002,-0.13107564425760643,-0.14049920498270405,5,639.1895268736316,validation,-0.0888028807280861,-0.0849740749573803,1.8496741362378324
2022-10-07,0.007523658440414893,1.0,0.002,0.0055086111235340685,0.005493494215314942,5,642.7105734114142,validation,0.0247324024293936,0.025040785396414522,1.8959914293366624
2022-10-14,-0.048187575548429416,1.0,0.002,-0.050091200397332614,-0.05138929941413048,5,610.5164292811785,validation,-0.0403865287709927,-0.03958186184489321,1.820944558521557
2022-10-21,-0.003631808604165808,0.8,0.0016,-0.005225997710399222,-0.005239700999522041,5,607.3258718195939,validation,0.0073662639284229,0.007393461591260975,1.834407642174802
2022-10-28,-0.06655152300939624,0.8,0.0016,-0.06804504057258132,-0.07047079225893818,5,566.0003582308512,validation,-0.0298464740465075,-0.029405466438249372,1.7804660298187625
2022-11-04,-0.1379848319535531,1.0,0.002,-0.13970886228964596,-0.15048441480234506,5,486.92509212688697,validation,-0.043682137259244,-0.042741814170385584,1.7043656816355646
2022-11-11,-0.0443012541504414,1.0,0.002,-0.0462126516421405,-0.047314537666188636,5,464.42299246860995,validation,0.015386038449855,0.015505012938304752,1.7307918935809268
2022-11-18,0.029201934470141345,1.0,0.002,0.027143530601201116,0.026781678339236222,5,477.02907217658304,validation,0.0021949833368744,0.002197394076320691,1.7345951254352254
2022-11-25,0.16400026390037914,1.0,0.002,0.16167226337257823,0.14986057335708594,5,554.1514419698922,validation,0.1059254848079417,0.1117390319724949,1.928417105615566
2022-12-02,0.011464519863456332,1.0,0.002,0.009441590823729529,0.009397297585912302,5,559.3835131393516,validation,-0.0264578107136767,-0.026110869343802467,1.878064458530484
2022-12-09,0.04357127957846829,1.0,0.002,0.04148413701931153,0.040646750704493646,5,582.5890554447684,validation,0.0006367943797107,0.0006369971762960613,1.87926078028747
2022-12-16,-0.020790178380970192,0.8,0.0016,-0.02235691409556073,-0.02261061839315974,5,569.5641619791759,validation,-0.0310133789322549,-0.03053739738522332,1.8218730470493665
2022-12-23,0.08200501167960586,1.0,0.002,0.07984100165624652,0.07681380960943839,5,615.0387351790939,validation,-0.0130709209641821,-0.012985867455945987,1.798214445138823
2022-12-30,0.03545964458731539,1.0,0.002,0.03338872529814085,0.032843426513520464,5,635.5740945557047,validation,0.0430956690694978,0.044037772195136604,1.87740380323185
2023-01-06,-0.015405736869793008,1.0,0.002,-0.017374925396053342,-0.01752764094510867,5,624.5310420791352,validation,0.0082686194317769,0.008302898881533904,1.8929916971698917
2023-01-13,0.03457293775812338,1.0,0.002,0.032503791882607214,0.03198671837183463,5,644.8306690951032,validation,0.0441995152613133,0.045190865615891695,1.9785376305686948
2023-01-19,0.021888665227047445,1.0,0.002,0.019844887896593333,0.019650545042645642,5,657.6272614355807,validation,0.0081072537099593,0.008140206483286283,1.994643335416476
2023-01-27,-0.0298380413187737,1.0,0.002,-0.031778365236136086,-0.03229425638033426,5,636.7289421324409,validation,-0.0364173773523662,-0.03576224151821661,1.9233104187126109
2023-02-03,-0.04500262009784961,0.8,0.0016,-0.046530615905693073,-0.04764796343010193,5,607.1015522900381,validation,-0.0204935775473918,-0.020285011372603745,1.8842960449959785
2023-02-10,0.0006991712565325593,1.0,0.002,-0.0013022270859806007,-0.001303075720495572,5,606.3109682047051,validation,0.0037926660772035,0.0037998673363024427,1.8914561199892823
2023-02-17,0.058239792318048725,0.8,0.0016,0.05654660865033967,0.05500567319207578,5,640.5957972441851,validation,-0.0188202060641989,-0.018644211798246046,1.8561914114811136
2023-02-24,0.0028586835463702207,1.0,0.002,0.0008529661792775478,0.0008526026103526946,5,641.1422037938216,validation,-0.0143293495407005,-0.0142271730347453,1.8297830550843637
2023-03-03,0.015410653190058035,1.0,0.002,0.01337983188367775,0.013291112424570541,5,649.7205786941137,validation,0.0271750359846268,0.02754764483737815,1.88018926881528
2023-03-10,-0.018892198716133617,1.0,0.002,-0.020854414318701275,-0.021074938946567236,5,636.1710365546403,validation,-0.00749238541655,-0.007464387464387268,1.86615480760646
2023-03-17,0.03233410279378493,0.8,0.0016,0.030682368229314694,0.030221076316167546,5,655.6902705550345,validation,0.0015774909697413,0.0015787358631378368,1.869100973127395
2023-03-24,0.006629107549446101,1.0,0.002,0.004615849334347111,0.0046052289706008795,5,658.7168380539139,validation,0.0169083751429452,0.01705213079987411,1.9009731273993355
2023-03-31,0.09297342324982502,1.0,0.002,0.09078747640332518,0.08689989081165819,5,718.5200774452065,validation,0.0047508698537205,0.004762173128944891,1.910025890545483
2023-04-07,-0.0551178718351822,1.0,0.002,-0.057007636091511826,-0.05869709403948467,5,677.5589463457653,validation,-0.0158488194443386,-0.015723887782669865,1.8799928577805516
2023-04-14,0.021285450672452445,1.0,0.002,0.0192428797711075,0.019060076939680776,5,690.5971316881352,validation,-0.0095238815112554,-0.009478672985781977,1.862173020266044
2023-04-21,0.008784865372735862,1.0,0.002,0.006767295641990412,0.006744500281013606,5,695.2706066477793,validation,0.0059368347870707,0.005954492717492155,1.8732613159539284
2023-04-28,0.011332146713553627,0.8,0.0016,0.009714015278811994,0.009667137568439779,5,702.0244759436648,validation,-0.0084329718729139,-0.008397514107061022,1.8575305776269933
2023-05-05,0.04547419444302188,1.0,0.002,0.043383246054135904,0.04246855440817258,5,732.4805765195547,validation,0.0252385015550203,0.02555968893887406,1.9050084813855863
2023-05-12,-0.028710700235129758,1.0,0.002,-0.030653278834659514,-0.031132917711187744,5,710.0276451665286,validation,0.0001593274510509,0.0001593401443433784,1.905312025711986
2023-05-19,0.06006349509837543,0.8,0.0016,0.05836739350621789,0.05672752599920962,5,751.4701081322567,validation,-0.003106773100016,-0.0031019520743718054,1.899401839121503
2023-05-26,0.05369671378369567,0.6000000000000001,0.0012000000000000001,0.05243227772715531,0.051103940301994714,5,790.8713975455025,validation,0.0251382400843428,0.025456869970670093,1.947754664762071
2023-06-02,0.041970748069543526,0.8,0.0016,0.04030359487263224,0.039512588700231104,5,822.746357948529,validation,0.0151842689557407,0.015300135675259563,1.9775555753950504
2023-06-09,-0.005076740030326055,0.8,0.0016,-0.006668617246277653,-0.006690951823473928,5,817.2597773966013,validation,0.0069193842597827,0.006943378508934339,1.991286492277472
2023-06-16,0.04001529044748624,0.6000000000000001,0.0012000000000000001,0.038767272098949146,0.038034694822035905,5,848.9427095624619,validation,0.0126171147158251,0.012697046322698746,2.016569949111683
2023-06-23,-0.0344465174497639,1.0,0.002,-0.03637762441486436,-0.037055787687923544,5,818.0601905242614,validation,-0.0081794229024444,-0.00814606244133953,2.0001428443888902
2023-06-30,0.0027178149128165075,0.8,0.0016,0.001113466408955821,0.00111284696501126,5,818.9710730669142,validation,0.0158444585563788,0.015970647574496732,2.032086420855277
2023-07-07,0.05561049528238939,0.8,0.0016,0.05392151848993754,0.05251798671110694,5,863.1312369260157,validation,0.0263014462955097,0.0266503817867092,2.086242299794657
2023-07-14,0.025958800203314203,0.6000000000000001,0.0012000000000000001,0.02472764964307017,0.024426869618538124,5,884.474443748712,validation,0.0148666884571637,0.01497774734679913,2.117489509865187
2023-07-21,0.023450671514650863,0.8,0.0016,0.02181315044022747,0.021578647708655203,5,903.7676178507392,validation,0.0181909033959363,0.018357365713803864,2.1563610391929253
2023-07-28,0.04878332653661417,0.8,0.0016,0.047105273214155474,0.046029474316319464,5,946.3398384117047,validation,0.0150476407827058,0.015161426548643053,2.189054548701005
2023-08-04,0.09574168155375842,1.0,0.002,0.0935501981906508,0.08942946606242892,5,1034.8701178508281,validation,0.0050687809638025,0.005081648966541064,2.2001785554861137
2023-08-11,-0.044034080330298674,0.6000000000000001,0.0012000000000000001,-0.04518123943390229,-0.046233736023756654,5,988.1134032732192,validation,-0.04499970890204,-0.04400223987794283,2.103365770913308
2023-08-18,0.007255652606980446,1.0,0.002,0.005241141301766561,0.005227454323456238,5,993.2922452419436,validation,0.0045567040256369,0.00456710158829865,2.112972056066419
2023-08-25,0.04240486805787538,1.0,0.002,0.04032005832175978,0.039528414194767415,5,1033.3418465006505,validation,0.0337987326743577,0.034376399604519436,2.185608427818941
2023-08-31,0.052454919217654265,1.0,0.002,0.05035000937921885,0.04912345088916518,5,1085.3706181638975,validation,0.014139183362407,0.014239614394836897,2.2167306490491883
2023-09-08,-0.013643302114312061,1.0,0.002,-0.015616015510083514,-0.01573922990892336,5,1068.421453756461,validation,-0.0114386950625697,-0.01137352192544383,2.191518614409424
2023-09-15,-0.041705984392272334,1.0,0.002,-0.04362257242348777,-0.04460264512304359,5,1021.8141615111617,validation,-0.0283524678429522,-0.027954308434363195,2.1302562271225747
2023-09-22,-0.039128167027723065,1.0,0.002,-0.04104991069366759,-0.0419162499720061,5,979.8687814356038,validation,-0.0331489110780265,-0.032605506894094693,2.060798143022941
2023-09-29,-0.01062600120772812,1.0,0.002,-0.012604749205312737,-0.012684862977846647,5,967.5177811914925,validation,-0.0224393803792391,-0.02218949010094018,2.0150700830282977
2023-10-06,0.06132639576308403,0.8,0.0016,0.059628273529862996,0.05791816127030329,5,1025.209196093385,validation,0.0229417884837745,0.02320697538412464,2.061833764842421
2023-10-13,-0.05285222068859537,1.0,0.002,-0.05474651624721827,-0.05630215068201574,5,969.0825641826608,validation,-0.0412828866415824,-0.04044235448979416,1.9784483528256376
2023-10-20,-0.06661352874328967,1.0,0.002,-0.0684803016858031,-0.07093794228894164,5,902.7194978289806,validation,-0.0437300209771135,-0.042787650153876644,1.8937951968574205
2023-10-27,0.03309543115411555,0.8,0.0016,0.031442478464269064,0.030958287034130137,5,931.1032361987441,validation,0.015121463390863,0.015236371179121688,1.9226497634139776
2023-11-03,0.03801223559579628,0.8,0.0016,0.03635141601884295,0.03570629097179266,5,964.9501572942956,validation,0.0228611812521606,0.023124500826538386,1.967110079457188
2023-11-10,0.005465698152413979,1.0,0.002,0.0034547667561091178,0.0034488127586139246,5,968.2838350190183,validation,-0.0004448741941934,-0.000444775252341878,1.9662351575752133
2023-11-17,0.0026099907721490083,1.0,0.002,0.000604770790604725,0.0006045879904478911,5,968.8694247994525,validation,-0.0050801274586427,-0.0050672454344846685,1.956271761449867
2023-11-24,0.04197666593848204,0.8,0.0016,0.04030950327298055,0.03951826818033587,5,1007.9240700494969,validation,0.0059606049703093,0.005978404724308994,1.9679671457905512
2023-12-01,0.023067578874344054,0.8,0.0016,0.021430670748144864,0.021204262926394962,5,1029.5245589338579,validation,0.0200132431919121,0.020214850838353726,2.007749308097488
2023-12-08,-0.00965941047312009,1.0,0.002,-0.011640091652173945,-0.01170836786373446,5,1017.5407987097038,validation,-0.019886227958986,-0.01968980114545904,1.9682171234711152
2023-12-15,-0.019891404635867697,1.0,0.002,-0.021851621826595946,-0.022093904531290526,5,995.305881983167,validation,0.0006892299035856,0.0006894674770934195,1.969574145165607
2023-12-22,0.0056606248133849405,1.0,0.002,0.003649303563758366,0.0036426610110639568,5,998.9380552853178,validation,0.0240675480120874,0.024359509002230162,2.0175520042853283
2023-12-29,0.01682126138797431,1.0,0.002,0.014787618865198304,0.014679348102143542,5,1013.7099705168195,validation,0.0216675654067142,0.021904011752940544,2.061744487099363
2024-01-05,-0.019946989648478367,0.8,0.0016,-0.021515074465040862,-0.021749897951993155,5,991.8999250151957,test,1.732066615330312e-05,1.732081615690717e-05,2.0617801981965864
2024-01-12,0.012777425124525508,1.0,0.002,0.010751870274276376,0.010694479919693994,5,1002.5647043340235,test,0.0229442476691523,0.02320949164285091,2.109633068476026
2024-01-19,0.02379455309882892,1.0,0.002,0.021746963992631096,0.021513872077978065,5,1024.3674428594584,test,-0.0049466197922712,-0.00493440541684298,2.0992232836353866
2024-01-26,-0.013240171309826156,0.8,0.0016,-0.01481898703573048,-0.014929885186722967,5,1009.1873550038997,test,-0.0026573335002423,-0.0026538059149252557,2.0936523524685264
2024-02-02,-0.0020350739123066175,0.4,0.0008,-0.002833445853176797,-0.002837467659722159,5,1006.3278772777854,test,0.0219149415158237,0.02215683766150689,2.140041067761804
2024-02-07,0.0006722903320540929,0.6000000000000001,0.0012000000000000001,-0.0005285164163442158,-0.0005286561303749964,5,1005.7960164744193,test,0.0092765891155297,0.009319750027116713,2.1599857155611075
2024-02-16,-0.008179478622603755,1.0,0.002,-0.010163119665358544,-0.010215116767876639,5,995.5739912000488,test,0.0018994926634571,0.0019012978424401972,2.164092491741805
2024-02-23,0.018848614487913907,1.0,0.002,0.01681091725893813,0.016671177714832165,5,1012.3105031912636,test,0.0374738213815636,0.03818481848184807,2.246727970716897
2024-03-01,-0.003894203829668629,0.8,0.0016,-0.0054879731035412105,-0.005503087351019886,5,1006.7549703773177,test,-0.0087244080955779,-0.008686460883110314,2.227211856084274
2024-03-08,0.03214313822734229,0.8,0.0016,0.030491709206178497,0.03003607590716066,5,1037.4526501759378,test,0.0130859290100764,0.013171924479897346,2.256548522453348
2024-03-15,0.00986827176349814,0.8,0.0016,0.008252482528676497,0.008218616983708679,5,1046.0142100458438,test,0.0141581101448042,0.014258810868980287,2.2887242210516874
2024-03-22,0.058755614923594365,0.8,0.0016,0.05706160593971665,0.05549298895477357,5,1105.7014607068238,test,0.0017849561812923,0.0017865501638321124,2.292813141683774
2024-03-29,-0.03579690691332778,1.0,0.002,-0.03772531309950111,-0.03845533175584637,5,1063.988526907083,test,-0.0228270781241284,-0.022568511552928383,2.241067761806977
2024-04-05,0.019209154878246884,1.0,0.002,0.01717073656849033,0.017024985540609383,5,1082.2579936145007,test,0.0169770756946667,0.01712200524256846,2.279439335773588
2024-04-12,-0.06311102015544698,0.8,0.0016,-0.06461004252319835,-0.06679176982153293,5,1012.3332586259965,test,-0.0830598139673427,-0.07970390098699676,2.097759128649224
2024-04-19,0.04143303115342559,1.0,0.002,0.03935016509111877,0.03859567660008612,5,1052.1687394801597,test,0.0290831068173315,0.029510150231944587,2.159664315686096
2024-04-26,-0.003195849588276122,1.0,0.002,-0.005189457889099525,-0.0052029698926116625,5,1046.7085541144006,test,0.0094711781614908,0.009516171704477827,2.1802160521381984
2024-05-03,0.08826550671003788,0.8,0.0016,0.08652428189930195,0.08298386919844404,5,1137.2742601170057,test,0.0191997721734953,0.01938527308911331,2.222480135702166
2024-05-10,0.034725840345967526,0.8,0.0016,0.033070279001413905,0.032535221706567946,5,1174.8842372002016,test,0.0225681888723289,0.022824777054711864,2.2732077493080936
2024-05-17,-0.00792058656012633,0.8,0.0016,-0.00950791362163017,-0.00955340239753786,5,1163.7135393574872,test,-0.0088204308283675,-0.008781644948197442,2.2532452459601786
2024-05-24,0.040346033782641434,0.8,0.0016,0.038681480128589074,0.037952101236690565,5,1208.727701505514,test,-0.0001664256140786,-0.00016641176610432407,2.252870279439332
2024-05-31,0.01838597828965747,0.8,0.0016,0.0167565607243938,0.016617718427008404,5,1228.981820635048,test,0.0202886180930501,0.02049583108772146,2.2990447281492683
2024-06-07,-0.013738909001785118,1.0,0.002,-0.015711431183781488,-0.015836163930391223,5,1209.672757334022,test,-0.0059747245882415,-0.005956911415212818,2.285349522364071
2024-06-14,0.037191602512545455,0.8,0.0016,0.035532095948525244,0.034915396977711226,5,1252.6549658139315,test,0.0016471960413286,0.0016485534139119018,2.2891170431211463
2024-06-21,-0.01594070214255936,0.8,0.0016,-0.01751519701913129,-0.01767040306229734,5,1230.7144672907073,test,-0.0290444339977604,-0.02862669849144317,2.223587179716093
2024-06-28,0.050151435785144784,1.0,0.002,0.048051132913574435,0.04693237565667804,5,1289.851691737152,test,0.0298397370735271,0.030289403526804426,2.2909383090795425
2024-07-05,0.013460911219064097,0.8,0.0016,0.011839373761113547,0.011769836687743484,5,1305.1227280120327,test,-0.0017864182394069,-0.0017848235440828253,2.286849388447456
2024-07-12,-0.028884202368671775,1.0,0.002,-0.030826433963934363,-0.03131156441494275,5,1264.8904484221398,test,-0.0125476498257963,-0.012469256295139619,2.258334077314521
2024-07-19,-0.05052415345479569,1.0,0.002,-0.05242310514788606,-0.05384718980174349,5,1198.5809634439493,test,-0.0180866475942039,-0.01792406584544337,2.2178555486117277
2024-07-26,-0.02008193923419655,0.8,0.0016,-0.02164980813142192,-0.0218876036435925,5,1172.631915555413,test,-0.004445868274843,-0.004436000032203236,2.208017141326663
2024-08-02,-0.01649061303464223,0.8,0.0016,-0.018064228053786935,-0.018229378116782873,5,1151.4492252096709,test,-0.0105356549603335,-0.01048034934497799,2.1848763503258604
2024-08-09,0.03488825702635084,1.0,0.002,0.03281848051229819,0.03229145399235484,5,1189.2380391681154,test,0.0230959386943027,0.02336471511228777,2.2359253638067997
2024-08-16,-0.0004478971688676168,0.8,0.0016,-0.0020471805333974746,-0.0020492788717396643,5,1186.8034542047546,test,0.0260817527061009,0.026424858053232914,2.295009374163017
2024-08-23,-0.03614747240852094,0.8,0.0016,-0.03768963645266732,-0.038418257118038514,5,1142.0732634750077,test,-0.0011287605462841,-0.001128123735723463,2.292420319614316
2024-08-30,0.008506631880131033,0.8,0.0016,0.006893021269122723,0.006869373007798571,5,1149.9455987710373,test,-0.0077487945533016,-0.007718850039334035,2.2747254709400906
2024-09-06,-0.003992616369717261,0.8,0.0016,-0.005586228183525721,-0.005601889508574504,5,1143.5217402576611,test,-0.0176195430281111,-0.017465226537724754,2.234996875278989
2024-09-13,0.011370922597719706,1.0,0.002,0.009348180752524193,0.009304756923593548,5,1154.2115881800307,test,0.0161112945096742,0.016241781243259146,2.271297205606638
2024-09-20,0.0163267231223041,1.0,0.002,0.014294069676059395,0.014192872666817648,5,1170.7099690423913,test,0.014733231512984,0.014842300556586308,2.3050084813855864
2024-09-27,-0.02047873252939494,0.8,0.0016,-0.022045966557347918,-0.022292610621766507,5,1144.900536216529,test,-0.0158659126270671,-0.015740712050320793,2.2687260066065487
2024-10-04,-0.009324084226507745,1.0,0.002,-0.011305436058054785,-0.011369828281739247,5,1131.9569364115005,test,0.0139041470297585,0.014001259247599762,2.3004910275868187
2024-10-11,0.014528638007241513,1.0,0.002,0.012499580731227145,0.01242210590585625,5,1146.1059235224486,test,-0.0022767459375297,-0.0022741561173247327,2.295259351843581
2024-10-18,0.01743555070052911,0.8,0.0016,0.015807653819408074,0.015684014126662763,5,1164.2231692018645,test,-0.025799443687474,-0.025469481741944522,2.2368002856887736
2024-10-25,-0.0006816889406937817,1.0,0.002,-0.002680325562812391,-0.0026839240669203784,5,1161.1026720806342,test,0.0017307320848731,0.0017322306660707554,2.24067493973752
2024-11-01,0.0029595100757426216,0.6000000000000001,0.0012000000000000001,0.0017559586636517466,0.0017544187706329752,5,1163.1415203770634,test,-0.001858462318793,-0.001856736447019225,2.2365145969109865
2024-11-08,-0.017175015802361783,1.0,0.002,-0.019140665770757126,-0.01932621988238731,5,1140.8782172914357,test,-0.0275114169064857,-0.027136424602414277,2.1758235871797127
2024-11-15,-0.007210487393521703,0.8,0.0016,-0.00879895061369207,-0.008837889964871393,5,1130.8396862012514,test,0.0077902195195566,0.00782064222818546,2.192839925006692
2024-11-22,0.019209184496783237,1.0,0.002,0.01717076612778956,0.017025014600921224,5,1150.257069981036,test,0.0180432239846158,0.018206986401758884,2.232764931702523
2024-11-29,0.04262448523010304,0.6000000000000001,0.0012000000000000001,0.041373335847826986,0.04054035727812392,5,1197.8470420486988,test,0.0156156469965895,0.01573820833933115,2.2679046513704098
2024-12-06,0.020187872673794696,0.6000000000000001,0.0012000000000000001,0.018963647226586167,0.018786078654845925,5,1220.5625907855201,test,-0.0059778044405218,-0.005959972916371403,2.2543880010713293
2024-12-13,0.02686441917139202,1.0,0.002,0.024810690333049168,0.024507903174636816,5,1250.845591257604,test,-0.0040237031831276,-0.004015618935979681,2.2453352379251816
2024-12-20,0.013083041191126,1.0,0.002,0.011056875108743869,0.010996194745567373,5,1264.6760347404622,test,0.0139303535121915,0.014027833001988066,2.276832425676275
2024-12-27,-0.008289441066284532,0.8,0.0016,-0.009876177960578492,-0.009925270907355425,5,1252.1858691588866,test,-0.016247150523151,-0.016115877472277718,2.2401392732791674
2025-01-03,-0.10326974565703448,1.0,0.002,-0.1050632061657204,-0.11100218461530391,5,1120.6272070296448,test,-0.0194044888193801,-0.01921743358387995,2.197089545576284
2025-01-10,0.0376627887282327,0.8,0.0016,0.036002528266267264,0.03536958424576841,5,1160.9726197266777,test,0.0150269605604128,0.015140433001755271,2.2303544326399387
2025-01-17,-0.01143589885231391,0.8,0.0016,-0.013017601414150204,-0.013103072954022486,5,1145.859540910334,test,0.0126803493682328,0.012761085893155943,2.258816177127038
2025-01-24,0.03251928219490115,0.8,0.0016,0.03086725134338919,0.03040043956099546,5,1181.229075363834,test,0.00799138196375,0.008023398284652927,2.2769395589679453
2025-02-07,0.020180292150838275,0.6000000000000001,0.0012000000000000001,0.018956075800257377,0.01877864811060684,5,1203.6205432538989,test,0.0006898498282421,0.0006900878293600865,2.278510847245778
2025-02-14,0.04138459062632656,0.8,0.0016,0.03971837528132438,0.038949883483510334,5,1251.4263956871687,test,0.0160682553673168,0.016198044009779977,2.3154182662262257
2025-02-21,0.026065768363602127,1.0,0.002,0.02401363682687485,0.02372984374238771,5,1281.4776946687653,test,0.0066177305513053,0.006639676113360249,2.3307918935809258
2025-02-28,-0.024350486713925458,1.0,0.002,-0.026301785740497574,-0.0266538649731224,5,1247.7725429123607,test,0.0157257336427355,0.015850033707176525,2.367735023658597
2025-03-07,0.0319114755801468,0.8,0.0016,0.03026041721921846,0.02981160253652541,5,1285.530660655574,test,7.540909437254063e-05,7.54119377097684e-05,2.3679135791447146
2025-03-14,0.0028943029514292527,0.8,0.0016,0.0012896720667068262,0.0012888411540135385,5,1287.1885736395166,test,-0.0032250417865237,-0.003219846925309966,2.3602892598875056
2025-03-21,0.006200071180227983,1.0,0.002,0.004187671037867435,0.0041789271460353225,5,1292.5788959496206,test,-0.0033493253100815,-0.003343722576935937,2.3523971074011203
2025-03-28,-0.0551020860404404,1.0,0.002,-0.05699188186835957,-0.058680387550485706,5,1218.912392206125,test,-0.0845317150700691,-0.0810574894114432,2.161717703776445
2025-04-04,0.016151976755548293,1.0,0.002,0.014119672802037186,0.014020918719947947,5,1236.123036358424,test,0.009691296624072,0.009738409310547036,2.182769395589675
2025-04-11,0.034034638606104874,0.6000000000000001,0.0012000000000000001,0.032793797039777584,0.03226755456767576,5,1276.6602043289558,test,-0.0027359349957155,-0.002732195736465881,2.1768056423533566
2025-04-18,0.008031433846589043,1.0,0.002,0.006015370978895929,0.005997350863897566,5,1284.3397890719875,test,0.0082586700947,0.008292866986022718,2.194857601999817
2025-04-25,0.0076071407387114055,1.0,0.002,0.005591926457234164,0.005576349678968672,5,1291.5217227185776,test,-0.002386451308325,-0.002383605997250293,2.18962592625658
2025-04-29,0.02262505347777708,1.0,0.002,0.020579803370821326,0.02037090047566209,5,1318.1009858212703,test,0.0328871473200381,0.03343390687433745,2.262833675564677
2025-05-09,0.01732334169010952,1.0,0.002,0.015288695006729247,0.015173000629669437,5,1338.2530297815608,test,0.0265442709107625,0.026899708040716508,2.323703240782068
2025-05-16,0.0006749204654846964,0.8,0.0016,-0.000926159407260041,-0.0009265885578789185,5,1337.0135941487345,test,0.0099930108869336,0.010043107754016845,2.3470404428176006
2025-05-23,0.046448900017304194,1.0,0.002,0.04435600221726976,0.04340042962614695,5,1396.3181720953155,test,0.013705986242722,0.013800343867443665,2.3794304079992807
2025-05-30,-0.008017789341588878,0.8,0.0016,-0.009604960878642377,-0.009651386029053832,5,1382.9065906782025,test,-0.0020356890999477,-0.0020336184901694754,2.3745915543255016
2025-06-06,-0.006033930538051325,0.8,0.0016,-0.007624276249190487,-0.007653489625313456,5,1372.3629288040456,test,-0.0108870122494023,-0.01082796321500279,2.348879564324609
2025-06-13,0.02465639180907724,1.0,0.002,0.02260707902545911,0.022355326215059174,5,1403.388045987129,test,0.0254137752224785,0.025739458300709117,2.40933845192393
2025-06-20,0.030162312636276112,0.6000000000000001,0.0012000000000000001,0.028926117861112655,0.028515654333563765,5,1443.9826140102293,test,0.0162382876976602,0.016370845221773234,2.448781358807244
2025-06-27,0.014631831377003614,0.6000000000000001,0.0012000000000000001,0.013414273179351177,0.013325098408238745,5,1463.352591260796,test,0.0112602289656809,0.011323863967800163,2.476511025801262
2025-07-04,0.060140318480210925,0.8,0.0016,0.05844409397064254,0.05679999392080961,5,1548.8769076166254,test,0.0497794993006417,0.05103931591887356,2.6029104544237063
2025-07-11,0.04477488967315204,1.0,0.002,0.04268533989380585,0.04179944295990136,5,1614.991244871908,test,0.026749117712303,0.027110086708374448,2.673475582537268
2025-07-18,-0.012571016099427346,0.8,0.0016,-0.014150902473668348,-0.014251981197239104,5,1592.1376612698975,test,0.022355896197366,0.02260766189356711,2.733916614587977
2025-07-25,-0.04067877421288679,0.8,0.0016,-0.04221368817414617,-0.043130582441301656,5,1524.9276585067357,test,-0.0237393596877435,-0.023459797665776327,2.669779483974639
2025-08-01,0.055042843895408256,0.8,0.0016,0.05335477534517552,0.05198009506388008,5,1606.2898311440072,test,0.0582861958850047,0.06001832518509098,2.8300151772163136
2025-08-08,0.08106491715192304,1.0,0.002,0.07890278731761935,0.07594458705279093,5,1733.0305760612175,test,0.0280271537283292,0.02842360957758916,2.910454423712161
2025-08-15,-0.019016011463943737,1.0,0.002,-0.02097797944101587,-0.02120114379449223,5,1696.6750962659535,test,0.0094460428758249,0.009490797546012342,2.9380769574145096
2025-08-22,0.04109003630152195,0.6000000000000001,0.0012000000000000001,0.039840728257960034,0.039067555519441986,5,1764.2718677183334,test,0.0220823474303968,0.022327967085391975,3.003678243014009
2025-08-29,0.009928912050783167,1.0,0.002,0.007909054226681755,0.00787794159728211,5,1778.2255895907267,test,-0.0091007979188927,-0.009059511000410136,2.976466386929731
2025-09-05,-0.007471726155364665,1.0,0.002,-0.009456782703053945,-0.009501781996333784,5,1761.4092965929572,test,0.0001739532070259,0.00017396833776239795,2.976984197839471
2025-09-12,-0.021394293599734573,1.0,0.002,-0.023351505012535134,-0.023628471627106466,5,1720.2777385744407,test,-0.0051956290882868,-0.005182155152765655,2.961557003838935
2025-09-19,-0.000675390461218606,0.6000000000000001,0.0012000000000000001,-0.0018745799926650486,-0.0018763392166206401,5,1717.052940343882,test,0.0012532689058313,0.0012540545754906596,2.9652709579501755
2025-09-26,-0.031061720066873622,1.0,0.002,-0.03299959662673979,-0.03355636639008774,5,1660.3908859257765,test,-0.0090004599700781,-0.008960077075931938,2.93870190161592
2025-10-03,0.0536510691797802,0.8,0.0016,0.05196522746909249,0.050660060032627234,5,1746.6734760005174,test,0.0599760667593022,0.06181113365981705,3.12034639764306
2025-10-10,0.008247620670697418,1.0,0.002,0.00623112542935611,0.00621179223742917,5,1757.557217513606,test,-0.0094057737065631,-0.009361677777459776,3.091134720114268
2025-10-17,-0.03730769948896278,0.8,0.0016,-0.03884800716978043,-0.03962272140434286,5,1689.2796221263382,test,-0.0281241719518482,-0.027732369064054185,3.005410231229348
2025-10-24,0.012256830744420346,0.6000000000000001,0.0012000000000000001,0.011042122547527233,0.010981603411281567,5,1707.9328547308976,test,-0.0262020569355658,-0.02586176166541887,2.927685028122483
2025-10-31,-0.034862930524496946,0.8,0.0016,-0.03640714983565785,-0.03708642818972252,5,1645.751887379467,test,-0.0250418334425578,-0.02473088768944598,2.855280778501913
2025-11-07,0.02681473712613301,0.8,0.0016,0.025171833546731026,0.02486024102455609,5,1687.1784799478014,test,0.0224831393614648,0.022737790006879033,2.920203553254168
2025-11-14,0.02147945324352945,0.8,0.0016,0.019845086118339683,0.019650739407229355,5,1720.660682179375,test,0.0118346015172906,0.011904907487801708,2.9549683064012084
2025-11-21,0.012715113148697043,0.8,0.0016,0.011094768967659041,0.011033673496511312,5,1739.7510149198897,test,0.021555444376387,0.021789441245249064,3.0193554146951103
2025-11-28,-0.005161705332735678,0.8,0.0016,-0.006753446604203295,-0.006776354320334053,5,1728.0016993360198,test,0.0293292900704632,0.02976362958976697,3.1092223908579526
2025-12-05,-0.0571276984763982,1.0,0.002,-0.05901344307944545,-0.06082642544932909,5,1626.0263694110686,test,-0.0557547854433608,-0.05422897571956897,2.9406124453173765
2025-12-12,-0.016268168172574704,1.0,0.002,-0.01823563183622956,-0.018403950373897776,5,1596.3747511824872,test,0.0342716758779243,0.034865716593093454,3.043139005445936
2025-12-19,-0.06284660575098593,0.8,0.0016,-0.06434605118178438,-0.06650958366622405,5,1493.6543397375906,test,0.014845458146846,0.014956199282994298,3.0886527988572383
2025-12-26,0.02797663232673684,0.8,0.0016,0.02633186971501389,0.025991154207969394,5,1532.985051210826,test,0.031126865231511,0.0316163718348943,3.186304794214796
2025-12-31,-0.0049067308926342475,0.8,0.0016,-0.006498880123206097,-0.00652008978728339,5,1523.02236513234,test,0.0456821450613349,0.04674164607254716,3.3352379251852446
2026-01-09,0.020764268452757542,0.8,0.0016,0.0191310456232332,0.01895034815381547,5,1552.1593754848914,test,0.0059940985920793,0.006012099148776651,3.355289706276219
2026-01-16,-0.021058091072495615,1.0,0.002,-0.023015974890350566,-0.02328497803552054,5,1516.4349142729088,test,-0.0044481022267125,-0.004438224071777963,3.340398178734035
2026-01-23,0.06908805878132795,1.0,0.002,0.06694988266376534,0.06480400089198249,5,1617.960053850717,test,-0.0225695625046525,-0.022316775266064015,3.2658512632800587
2026-01-30,0.003140740617559692,1.0,0.002,0.0011344591363244838,0.0011338161238268099,5,1619.795563416016,test,-0.0410432188165061,-0.040212351834842286,3.1345237032407764
2026-02-06,-0.012661362285878195,1.0,0.002,-0.014636039561306435,-0.014744203076018592,5,1596.0881714686304,test,0.0383332123127925,0.03907740858677622,3.2570127667172515
2026-02-13,0.04679763103219059,1.0,0.002,0.04470403577012627,0.04373362594386665,5,1667.4397541782396,test,0.0303660608127063,0.03083181202681895,3.3574323721096277
2026-02-27,0.032054785232546706,0.8,0.0016,0.030403497576174665,0.029950470749006673,5,1718.135754702815,test,-0.0616888309700996,-0.059824605255460406,3.1565753057762644
2026-03-06,-0.0405012466267922,1.0,0.002,-0.04242024413353862,-0.04334626545216553,5,1645.2520165337598,test,-0.0413444255905696,-0.04050140284188608,3.02872957771627
2026-03-13,-0.05772810497996788,1.0,0.002,-0.05961264877000794,-0.06146341282140583,5,1547.1741859339854,test,-0.0289669032135625,-0.02855138423807957,2.942255155789656
2026-03-20,0.0395718822236973,0.8,0.0016,0.03790856721213931,0.03720769532650006,5,1605.8253425503508,test,0.0150517355536911,0.015165583410708727,2.986876171770372
2026-03-27,-0.01343679521681198,1.0,0.002,-0.015409921626378331,-0.01552988851804886,5,1581.0796998759977,test,0.0066967993748721,0.006719273075083798,3.006945808409958
2026-04-03,0.05827936956405893,1.0,0.002,0.0561628108249308,0.054642350317578366,5,1669.8775799592718,test,0.0384201194282638,0.0391677157312178,3.124721007052936
2026-04-10,-0.012608538743552966,1.0,0.002,-0.014583321666065796,-0.014690703570070485,5,1645.5252180677742,test,0.0376645579166009,0.038382857142857274,3.2446567270779343
2026-04-17,0.0026088528614097058,1.0,0.002,0.0006036351556868436,0.0006034530412696773,5,1646.5185149389692,test,0.0196820921740469,0.01987706158477187,3.309150968663507
2026-04-24,0.018350393274608412,1.0,0.002,0.01631369248805914,0.016182053950938566,5,1673.3793116675795,test,0.0004369650955999,0.0004370605787544779,3.310597268101057
2026-04-29,0.09238924668053627,0.8,0.0016,0.09064142388584728,0.08676598544561415,5,1825.056795178248,test,0.0325114123362536,0.03304568254139473,3.419998214445133
2026-05-08,0.00915424032780059,1.0,0.002,0.007135931847145116,0.007110591565083343,5,1838.080276085809,test,0.0032473568856577,0.003252635261072223,3.431122221230241
2026-05-15,-0.008872567997388647,0.4,0.0008,-0.009665469942990779,-0.00971248378344574,5,1820.3143664244974,test,0.00535615472192,0.005370524562864354,3.449549147397548
