rebalance_date,portfolio_gross_simple_return,invested_weight,cash_weight,portfolio_turnover,trading_cost,portfolio_simple_return,portfolio_log_return,num_holdings,portfolio_cumulative,split,vnindex_weekly_return,vnindex_simple_return,vnindex_cumulative,fee_rate
2016-07-01,0.03408979209323749,1.0,0.0,1.0,0.0025,0.03150456761300435,0.03101848164636907,5,1.0315045676130044,train,0.0283010158250415,0.02870529439325309,1.1761092759575034,0.0025
2016-07-08,0.010084738124254809,1.0,0.0,1.0,0.0025,0.007559526278944295,0.00753109624863982,5,1.039302253498726,train,0.008887335181018,0.008926944798688385,1.1866083385412014,0.0025
2016-07-15,-0.009300154972993167,1.0,0.0,0.8,0.002,-0.011281554663047255,-0.01134567410160932,5,1.027577308314452,train,-0.0223528246438002,-0.022104851330203235,1.1603785376305686,0.0025
2016-07-22,0.05519788399272794,1.0,0.0,0.8,0.002,0.053087488224742296,0.051726314434341454,5,1.0821288065696077,train,0.0036249175703937,0.003631495529875295,1.1645924471029372,0.0025
2016-07-29,-0.07338775078452804,1.0,0.0,0.8,0.002,-0.07524097528295903,-0.0782220892287467,5,1.000708379781526,train,-0.0388289036228827,-0.038084724713674634,1.1202392643513972,0.0025
2016-08-05,0.10791216694624742,1.0,0.0,1.0,0.0025,0.10514238652888186,0.09997418325564261,5,1.1059252470512062,train,0.0441502611956789,0.045139386984172525,1.1708061780198196,0.0025
2016-08-12,0.024600627281922628,1.0,0.0,1.0,0.0025,0.0220391257137178,0.02179977452593806,5,1.1302988726009422,train,0.0099698092092043,0.010019673331198131,1.1825372734577269,0.0025
2016-08-19,0.013771473859521445,1.0,0.0,0.8,0.002,0.01174393091180237,0.011675506151252546,5,1.1435730244704558,train,0.00822542475066,0.008259346499969844,1.1923042585483437,0.0025
2016-08-26,0.053911102493439826,1.0,0.0,0.8,0.002,0.051803280288452935,0.050506100906076684,5,1.2028138583874126,train,0.0021541737951678,0.0021564956944966074,1.1948754575484333,0.0025
2016-09-01,0.02093574150003457,1.0,0.0,1.0,0.0025,0.018383402146284533,0.01821647015719816,5,1.2249256692532726,train,-0.0034579061003452,-0.0034519344281893627,1.1907508258191233,0.0025
2016-09-09,-0.01784457471766894,1.0,0.0,1.0,0.0025,-0.0202999632808748,-0.020508839151572603,5,1.2000597231456303,train,-0.0236244003428375,-0.023347528790787053,1.1629497366306578,0.0025
2016-09-16,0.1248765256051208,1.0,0.0,1.0,0.0025,0.12206433429110808,0.1151701443970719,5,1.3465442143609732,train,0.0343779138130305,0.034975664430148656,1.2036246763681815,0.0025
2016-09-23,0.008006647284731749,1.0,0.0,1.0,0.0025,0.005486630666519998,0.0054716339378183335,5,1.3539322051413112,train,0.0171203310896671,0.017267723894435427,1.2244085349522364,0.0025
2016-09-30,0.008393482637312233,1.0,0.0,1.0,0.0025,0.005872498930719061,0.005855323019747928,5,1.3618831705682697,train,-0.0025991487092994,-0.00259577384684917,1.2212302472993484,0.0025
2016-10-07,0.03837498201063994,1.0,0.0,1.0,0.0025,0.035779044555613426,0.03515384363444879,5,1.410610049207572,train,0.0044494766868958,0.004459390306308819,1.2266761896259262,0.0025
2016-10-14,-0.04467618633583044,1.0,0.0,1.0,0.0025,-0.04706449586999084,-0.048208054291756855,5,1.3442203983724745,train,-0.0031636599431624,-0.003158660844250316,1.2228015355771806,0.0025
2016-10-21,0.006397779867538356,1.0,0.0,1.0,0.0025,0.003881785417869432,0.003874270729514944,5,1.3494383735132796,train,-0.003774472690739,-0.0037673583225034113,1.218194804035354,0.0025
2016-10-28,0.029237806321888778,1.0,0.0,1.0,0.0025,0.026664711806084096,0.026315404230577613,5,1.385420758843082,train,-0.0230109932266893,-0.022748259435690588,1.1904829925899474,0.0025
2016-11-04,0.055468910082535676,1.0,0.0,1.0,0.0025,0.05283023780732932,0.05148200249801785,5,1.4586128669959726,train,0.0185304686353792,0.018703223193796692,1.2127488617087765,0.0025
2016-11-11,0.05477577440848687,1.0,0.0,1.0,0.0025,0.05213883497246585,0.05082507801521301,5,1.5346632425569908,train,-0.0087989033054293,-0.00876030624263846,1.202124810284796,0.0025
2016-11-18,0.051327501776693096,1.0,0.0,0.8,0.002,0.04922484677313976,0.04805165036679417,5,1.6102068055202285,train,0.0038840181654528,0.003891570738952854,1.2068029640210696,0.0025
2016-11-25,-0.009872039723947502,1.0,0.0,0.8,0.002,-0.011852295644499522,-0.011923094072504975,5,1.5911221584124176,train,-0.0160032050430725,-0.015875834110109843,1.187643960360682,0.0025
2016-12-02,-0.0298998164955612,1.0,0.0,0.8,0.002,-0.0318400168625701,-0.03235793352525744,5,1.5404608020581572,train,-0.0031169795076591,-0.0031121267703038136,1.183947861798054,0.0025
2016-12-09,-0.01007614004561148,1.0,0.0,0.8,0.002,-0.012055987765520304,-0.012129250618815183,5,1.5218890254752804,train,0.0180691345142976,0.018233369025894675,1.2055352200696368,0.0025
2016-12-16,0.01791456921653174,1.0,0.0,1.0,0.0025,0.015369782793490439,0.015252864169196903,5,1.5452801292326324,train,-0.0161104766230128,-0.01598139700219192,1.1862690831175788,0.0025
2016-12-23,0.019062548449661265,1.0,0.0,0.8,0.002,0.017024423352761886,0.01688113187419281,5,1.5715876323512994,train,0.0007523096259247,0.000752592681788844,1.1871618605481655,0.0025
2016-12-30,0.049989123838035866,1.0,0.0,1.0,0.0025,0.047364151028440826,0.046276675648176835,5,1.646024546324416,train,0.0222071044383768,0.022455517619985876,1.21382019462548,0.0025
2017-01-06,0.025774952517714667,1.0,0.0,1.0,0.0025,0.023210515136420362,0.02294524794628614,5,1.6842296239717984,train,0.0077077884051968,0.007737569873492278,1.2232122131952508,0.0025
2017-01-13,0.03824154704145595,1.0,0.0,0.8,0.002,0.036165063947372955,0.03552645928044201,5,1.7451398960247984,train,0.0017501389993564,0.0017516713864480504,1.2253548790286588,0.0025
2017-01-20,0.04830576927921655,1.0,0.0,1.0,0.0025,0.045685004856018674,0.044672177705129414,5,1.824866620649123,train,0.0159304870896862,0.016058053798851724,1.2450316935987864,0.0025
2017-01-25,0.039866018664819786,1.0,0.0,0.8,0.002,0.037786286627490284,0.03708987397663808,5,1.8938215538339105,train,0.0043931583288006,0.004402822395594308,1.2505133470225878,0.0025
2017-02-03,0.07993739092184227,1.0,0.0,1.0,0.0025,0.0772375474445377,0.07439993786894053,5,2.040095685949645,train,0.0048855972346868,0.004897551224387842,1.2566378001964116,0.0025
2017-02-10,0.036909495765417605,1.0,0.0,1.0,0.0025,0.03431722202600418,0.033741520163125927,5,2.1101061025586723,train,0.0057381445478867,0.005754639233851666,1.263869297384163,0.0025
2017-02-17,0.04499960147234824,1.0,0.0,1.0,0.0025,0.04238710246866728,0.04151337383240906,5,2.1995473861475867,train,0.0093370572170183,0.009380783521466984,1.2757253816623524,0.0025
2017-02-24,0.017212464963572118,1.0,0.0,1.0,0.0025,0.014669433801163256,0.01456287846410575,5,2.2318135009212003,train,-0.0025926900704436,-0.002589331952356333,1.272422105169182,0.0025
2017-03-03,-0.00033060827794100314,1.0,0.0,0.8,0.002,-0.002329947061385118,-0.00233266561157915,5,2.2266134936131694,train,-0.0005755072693812,-0.0005753416968369285,1.2716900276761012,0.0025
2017-03-10,0.02317018951013268,1.0,0.0,1.0,0.0025,0.020612264036357297,0.020402706072065315,5,2.27250903885044,train,-0.0023475674109402,-0.002344814029569986,1.268708151057942,0.0025
2017-03-17,0.03187832022244101,1.0,0.0,1.0,0.0025,0.029298624421885133,0.02887762312850351,5,2.339090427675058,train,0.0161937815788152,0.01632561150674139,1.2894205874475502,0.0025
2017-03-24,0.017819194326273435,1.0,0.0,1.0,0.0025,0.015274646340457831,0.01515916341909287,5,2.374819206716145,train,0.0002353837111492,0.0002354114160687537,1.2897241317739494,0.0025
2017-03-31,-0.02325051733080379,1.0,0.0,1.0,0.0025,-0.02569239103747667,-0.026028204910266996,5,2.3138044230138837,train,0.0077779548954877,0.007808281762678115,1.299794661190966,0.0025
2017-04-07,0.009412025609152734,1.0,0.0,1.0,0.0025,0.006888495545130047,0.006864878256054256,5,2.329743054474117,train,-0.0131362508441192,-0.013050346864482365,1.2828318900098212,0.0025
2017-04-14,0.0542241622550064,1.0,0.0,1.0,0.0025,0.051588601849368976,0.050301974949660815,5,2.449931241322715,train,-0.008442525300395,-0.008406987264249488,1.2720471386483356,0.0025
2017-04-21,0.015360299628047858,1.0,0.0,0.8,0.002,0.013329579028791949,0.01324152183736004,5,2.4825877934190324,train,0.0074398653826694,0.007467609943712317,1.2815462905097768,0.0025
2017-04-28,0.03718060671383505,1.0,0.0,1.0,0.0025,0.034587655197050315,0.03400294655886174,5,2.568454684014216,train,0.003157758252611,0.0031627492232455534,1.2855995000446396,0.0025
2017-05-05,0.054886879673764176,1.0,0.0,1.0,0.0025,0.05224966247457985,0.050930407903064905,5,2.7026555743352123,train,0.0074306574905282,0.007458333333333345,1.295187929649139,0.0025
2017-05-12,0.09879313233584927,1.0,0.0,1.0,0.0025,0.09604614950500978,0.09170929485194017,5,2.96223523568836,train,0.0115818974320694,0.0116492272908999,1.3102758682260522,0.0025
2017-05-19,0.017992608616455866,1.0,0.0,0.8,0.002,0.01595662339922299,0.015830654740194756,5,3.009502507764148,train,0.0129839425483465,0.01306859992913778,1.3273993393447023,0.0025
2017-05-26,0.017671361531857558,1.0,0.0,0.8,0.002,0.01563601880879384,0.015515035765770697,5,3.0565591455806604,train,-0.0062069257846511,-0.006187702613631774,1.319185786983306,0.0025
2017-06-02,0.05203900520494573,1.0,0.0,1.0,0.0025,0.04940890769193351,0.04822706060107072,5,3.2075803942595904,train,0.0146590197943901,0.014766990159851723,1.3386661905187047,0.0025
2017-06-09,0.02308343192942233,1.0,0.0,0.8,0.002,0.02103726506556347,0.02081903711153805,5,3.275059113232734,train,0.0152488791580423,0.015365736541642194,1.3592357825194188,0.0025
2017-06-16,0.09709940506646812,1.0,0.0,0.8,0.002,0.09490520625633536,0.09066778989218006,5,3.5858792738757774,train,0.0101552906734376,0.010207030634228342,1.373109543790734,0.0025
2017-06-23,0.029357081983553447,1.0,0.0,0.8,0.002,0.027298367819586167,0.02693241243280902,5,3.683767925250669,train,0.0096540336199372,0.009700784125043826,1.3864297830550851,0.0025
2017-06-30,0.017345171744745348,1.0,0.0,0.4,0.001,0.01632782657300047,0.016195961061276534,5,3.7439158490693436,train,-0.0009534854478331,-0.0009530310250234209,1.385108472457817,0.0025
2017-07-07,0.07282477803252146,1.0,0.0,0.8,0.002,0.07067912847645652,0.06829314664797502,5,4.008532558370757,train,0.0024077316518608,0.0024106325654544847,1.3884474600482108,0.0025
2017-07-14,-0.012523536096646248,1.0,0.0,0.8,0.002,-0.014498489024452943,-0.014604619183488248,5,3.950414893069057,train,-0.0204494413735829,-0.02024176954732515,1.360342826533346,0.0025
2017-07-21,0.03201276606793928,1.0,0.0,0.8,0.002,0.02994874053580343,0.029509034533058788,5,4.068724843710355,train,0.0197933620030411,0.019990549444779848,1.3875368270690125,0.0025
2017-07-28,-0.01615577580424344,1.0,0.0,1.0,0.0025,-0.01861538636473281,-0.018790833424303863,5,3.9929839587329,train,0.0148044881223793,0.01491461735448918,1.408231407910009,0.0025
2017-08-04,0.026026628732739802,1.0,0.0,0.8,0.002,0.023974575475274262,0.023691697671652842,5,4.088714054023101,train,-0.0212724902991863,-0.02104782674849104,1.3785911972145353,0.0025
2017-08-11,0.015512058095679791,1.0,0.0,1.0,0.0025,0.012973277950440565,0.012889845797624588,5,4.141758077905815,train,-0.004036214557724,-0.004028079991710731,1.3730381215962868,0.0025
2017-08-18,0.027572803646369274,1.0,0.0,1.0,0.0025,0.025003871637253594,0.02469638979031455,5,4.24531806523833,train,0.0034532034834335,0.00345917265953144,1.3777876975270071,0.0025
2017-08-25,0.022311612282594175,1.0,0.0,0.6000000000000001,0.0015000000000000002,0.0207781448641704,0.020565223567449793,5,4.333527898992332,train,0.0219188964324871,0.022160880214610712,1.4083206856530677,0.0025
2017-09-01,0.02120611143907094,1.0,0.0,1.0,0.0025,0.018653096160473392,0.01848126071543196,5,4.4143616116063304,train,0.0156865468345858,0.015810226566759233,1.430586554771896,0.0025
2017-09-08,-0.01478270160332942,1.0,0.0,0.8,0.002,-0.016753136200122754,-0.016895057301669365,5,4.340407210290496,train,0.0057497887121754,0.0057663504742886396,1.438835818230516,0.0025
2017-09-15,0.04163625118581889,1.0,0.0,0.8,0.002,0.039552978683447204,0.03879079256167308,5,4.512083244156597,train,0.0016243532509237,0.0016256732272714736,1.4411748950986525,0.0025
2017-09-22,-0.02808121805216484,1.0,0.0,0.8,0.002,-0.030025055616060503,-0.03048503835034362,5,4.3766076938065,train,-0.0033632249132376,-0.0033575756073991325,1.4363360414248734,0.0025
2017-09-29,-0.009241073948049029,1.0,0.0,1.0,0.0025,-0.011717971263178861,-0.011787167781498098,5,4.325322730620268,train,0.0041929822877876,0.004201785137117442,1.4423712168556384,0.0025
2017-10-06,0.03321741990899257,1.0,0.0,0.8,0.002,0.031150985069174464,0.030675639578692314,5,4.460060794421181,train,0.0161477031287244,0.016278781876702286,1.465851263280065,0.0025
2017-10-13,0.0008452604417050757,1.0,0.0,0.8,0.002,-0.0011564300791783166,-0.0011570992603996077,5,4.454903045963548,train,0.0071489996729983,0.007174614775564914,1.4763681814123746,0.0025
2017-10-20,0.0062068066315341015,1.0,0.0,0.4,0.001,0.00520059982490273,0.0051871234090706195,5,4.478071213964345,train,0.0162310651156405,0.01636350442649115,1.5005267386840466,0.0025
2017-10-27,-0.063873134280687,1.0,0.0,1.0,0.0025,-0.06621345144498525,-0.06850740160900849,5,4.181562663071331,train,0.0039902671554229,0.003998238870973614,1.5065262030175883,0.0025
2017-11-03,0.049753322084665035,1.0,0.0,1.0,0.0025,0.047128938779453566,0.046052075002683546,5,4.3786352738216685,train,0.0286010826804527,0.029014021073092033,1.550236586019106,0.0025
2017-11-10,0.044927269403662526,1.0,0.0,1.0,0.0025,0.042314951230153275,0.041444154119774534,5,4.563917011888061,train,0.0255628223675142,0.02589235323251282,1.5903758592982775,0.0025
2017-11-17,0.05317347179671987,1.0,0.0,0.8,0.002,0.05106712485312648,0.04980595746062371,5,4.796983131753457,train,0.0491595259608291,0.05038790151455608,1.6705115614677266,0.0025
2017-11-24,0.03239559262469219,1.0,0.0,1.0,0.0025,0.029814603643130377,0.029378789577256696,5,4.940003282509468,train,0.0261210061824918,0.026465149587951764,1.7147218998303728,0.0025
2017-12-01,0.052236251280757096,1.0,0.0,1.0,0.0025,0.04960566065255523,0.04841453234535037,5,5.185055408964142,train,-0.0212269018479291,-0.02100319681776064,1.6787072582805111,0.0025
2017-12-08,-0.00969326628729281,1.0,0.0,0.8,0.002,-0.01167387975471823,-0.01174255447916941,5,5.124525695598343,train,-0.0053324359019879,-0.005318243703199443,1.6697794839746454,0.0025
2017-12-15,0.03440186542867821,1.0,0.0,1.0,0.0025,0.03181586076510645,0.0313202216477596,5,5.28756689161671,train,0.0181834751211478,0.018349801103554553,1.700419605392376,0.0025
2017-12-22,0.016116436430926438,1.0,0.0,1.0,0.0025,0.0135761453398493,0.013484815158119074,5,5.359351668231474,train,0.0329686569872957,0.03351814516129026,1.7574145165610215,0.0025
2017-12-29,0.07211503357096632,1.0,0.0,0.6000000000000001,0.0015000000000000002,0.07050686102060988,0.06813223820091499,5,5.737222731464044,train,0.0284561664040757,0.028864910997317805,1.8081421301669496,0.0025
2018-01-05,0.09767313487066481,1.0,0.0,0.8,0.002,0.09547778860092349,0.09119060472317056,5,6.2850000705751805,train,0.0363242634131965,0.03699205056041066,1.8750290152664943,0.0025
2018-01-12,0.020340476539557083,1.0,0.0,0.8,0.002,0.018299795586478096,0.018134369455482278,5,6.400014287127707,train,0.0113249134315056,0.011389283027492425,1.8963842514061249,0.0025
2018-01-19,0.07179623781319076,1.0,0.0,0.8,0.002,0.06965264533756432,0.0673339652442784,5,6.8457922124243575,train,0.0492083972550755,0.050439236585159364,1.9920364253191685,0.0025
2018-01-26,0.022459479145766806,1.0,0.0,0.8,0.002,0.020414560187475228,0.020208976281595174,5,6.985546049575844,train,-0.0095466978640625,-0.009501272812018291,1.9731095437907331,0.0025
2018-02-02,-0.07165506954872583,1.0,0.0,0.6000000000000001,0.0015000000000000002,-0.07304758694440261,-0.07585304908604122,5,6.475268767165325,train,-0.0959492748819621,-0.09148990081806985,1.7925899473261322,0.0025
2018-02-09,0.035889980918343146,1.0,0.0,1.0,0.0025,0.033300255966047354,0.032757811955210464,5,6.690896874560882,train,0.0540819001693585,0.05557105006275265,1.89220605303098,0.0025
2018-02-13,0.028781722224892795,1.0,0.0,0.8,0.002,0.026724158780442986,0.02637330556161825,5,6.869705465020217,train,0.039883579579496,0.040689609617543976,1.969199178644764,0.0025
2018-02-23,0.017195212441033926,1.0,0.0,1.0,0.0025,0.014652224409931414,0.014545917731278972,5,6.970361931123825,train,0.016510721007603,0.01664777621616742,2.001981965895903,0.0025
2018-03-02,-0.022650324092996367,1.0,0.0,1.0,0.0025,-0.025093698282763865,-0.025413913405102625,5,6.795449771902541,train,0.0019602433413835,0.001962165874367816,2.005910186590484,0.0025
2018-03-09,0.07912427536653947,1.0,0.0,1.0,0.0025,0.0764264646781232,0.07364672585425774,5,7.31480197386681,train,0.0235584434941266,0.02383813567620008,2.053727345772699,0.0025
2018-03-16,-0.049177450672819076,1.0,0.0,0.8,0.002,-0.051079095771473404,-0.052429830285625464,5,6.941168503294305,train,0.0029516728754526,0.0029560333510114667,2.059798232300688,0.0025
2018-03-23,-0.028798245626364176,1.0,0.0,1.0,0.0025,-0.031226250012298173,-0.031724182498758004,5,6.724421840232948,train,0.0179296484962992,0.01809134961294756,2.0970627622533704,0.0025
2018-03-30,0.07504473065165801,1.0,0.0,1.0,0.0025,0.07235711882502893,0.0698591404043585,5,7.210981630356303,train,0.0214797554137285,0.021712105989135422,2.1425944112132846,0.0025
2018-04-06,0.018252548454758634,1.0,0.0,0.4,0.001,0.017234295906303876,0.017087469988710562,5,7.335257821548785,train,-0.0363367794208243,-0.03568452281742718,2.0661369520578523,0.0025
2018-04-13,-0.025269203515734855,1.0,0.0,0.8,0.002,-0.0272186651087033,-0.02759595494927362,5,7.135601895418052,train,-0.032747765990377,-0.03221736349966309,1.9995714668333184,0.0025
2018-04-20,0.004064869370383683,1.0,0.0,1.0,0.0025,0.0015547071969579385,0.0015534998909000923,5,7.146695667039485,train,-0.0641659249293372,-0.062150625971103324,1.8752968484956705,0.0025
2018-04-27,-0.016937531364195846,1.0,0.0,1.0,0.0025,-0.019395187535785285,-0.019585742103974447,5,7.00808416431607,train,-0.0225905825496663,-0.02233732599546767,1.833407731452549,0.0025
2018-05-04,-0.004878972896532718,1.0,0.0,1.0,0.0025,-0.00736677546429132,-0.007394044158766969,5,6.956457181842698,train,0.0174261644291217,0.017578885858979376,1.865636996696724,0.0025
2018-05-11,-0.01567158050816158,1.0,0.0,1.0,0.0025,-0.01813240155689111,-0.018298808187185538,5,6.8303199068082066,train,-0.0041335252751101,-0.004124994018279926,1.857941255245068,0.0025
2018-05-18,-0.03482497225311261,1.0,0.0,1.0,0.0025,-0.037237909822479764,-0.03794894840437988,5,6.575973070059794,train,-0.0765075333610742,-0.0736540642358775,1.7210963306847606,0.0025
2018-05-25,0.02908532018763064,1.0,0.0,1.0,0.0025,0.026512606887161727,0.02616723883072073,5,6.750319258966851,train,0.029612184270044,0.030054984956945807,1.7728238550129456,0.0025
2018-06-01,0.055072458884506,1.0,0.0,1.0,0.0025,0.05243477773729466,0.05110631575856605,5,7.104270748966557,train,0.0454238766320204,0.04647134065889791,1.8552093563074727,0.0025
2018-06-08,-0.00012483380544592304,1.0,0.0,1.0,0.0025,-0.0026245217209323046,-0.00262797181595245,5,7.08562543607451,train,-0.0218931449936672,-0.021655229497309914,1.815034371931078,0.0025
2018-06-15,-0.002503835148398758,1.0,0.0,1.0,0.0025,-0.004997575560527712,-0.005010105203927627,5,7.050214487564131,train,-0.0333484255238933,-0.03279849681754232,1.7555039728595665,0.0025
2018-06-22,-0.001952483349193358,1.0,0.0,1.0,0.0025,-0.004447602140820406,-0.004457522147645209,5,7.018857938515998,train,-0.0230365906119859,-0.022773274204867966,1.7155253995179005,0.0025
2018-06-29,-0.028289323811812768,1.0,0.0,1.0,0.0025,-0.030718600502283255,-0.031200307291429797,5,6.803248445520445,train,-0.0460819755105493,-0.045036324652886095,1.6382644406749398,0.0025
2018-07-06,0.01358574102995369,1.0,0.0,1.0,0.0025,0.011051776677379,0.010991152057717363,5,6.878436428021063,train,-0.008526619195678,-0.008490370677158743,1.6243549683064016,0.0025
2018-07-13,0.10598085807935398,1.0,0.0,1.0,0.0025,0.10321590593415575,0.09822946538989463,5,7.588400475349755,train,0.0256862600816492,0.026018994855559807,1.6666190518703687,0.0025
2018-07-20,-0.013666616101150032,1.0,0.0,1.0,0.0025,-0.0161324495608971,-0.016263994202002807,5,7.465980987433288,train,0.0022794044894981,0.0022820043068814133,1.6704222837246676,0.0025
2018-07-27,-0.0018286605288448726,1.0,0.0,0.8,0.002,-0.0038250032077872254,-0.003832337240329077,5,7.437423586207077,train,0.025414006538179,0.02573969557037792,1.7134184447817158,0.0025
2018-08-03,0.013902588087190141,1.0,0.0,0.8,0.002,0.011874782911015735,0.011804830908433258,5,7.525741376710554,train,0.0092009756660793,0.009243434764485192,1.7292563164003214,0.0025
2018-08-10,0.013195678175420954,1.0,0.0,1.0,0.0025,0.01066268897998257,0.010606243398448628,5,7.605986016354205,train,0.0004232585811762,0.0004233481677284878,1.7299883938934024,0.0025
2018-08-17,0.005843326984433794,1.0,0.0,0.8,0.002,0.0038316403304650137,0.003824318294300088,5,7.635129419127421,train,0.0185799314988816,0.018753612418462406,1.7624319257209171,0.0025
2018-08-24,0.05548907796312706,1.0,0.0,0.6000000000000001,0.0015000000000000002,0.0539058443461824,0.052503114388988165,5,8.046707517157861,train,0.0025194919706936,0.002522668557823904,1.766877957325239,0.0025
2018-08-31,0.006301042453921269,1.0,0.0,0.8,0.002,0.004288440369013546,0.0042792712135184836,5,8.081215342512085,train,-0.0210787812914119,-0.02085817652646671,1.7300241049906258,0.0025
2018-09-07,0.05395180242522431,1.0,0.0,0.8,0.002,0.05184389882037399,0.05054471815361656,5,8.500177053074935,train,0.0228961558879827,0.023160284859118585,1.7700919560753503,0.0025
2018-09-14,0.05565629722302355,1.0,0.0,0.8,0.002,0.053544984628577375,0.052160653519989046,5,8.955318902722018,train,0.0116633139664809,0.01173159561805237,1.7908579591107936,0.0025
2018-09-21,0.011040267841315931,1.0,0.0,1.0,0.0025,0.008512667171712618,0.0084766387414907,5,9.031552551957438,train,0.0140193375759565,0.014118069334077665,1.8161414159450044,0.0025
2018-09-28,0.048990854599812436,1.0,0.0,1.0,0.0025,0.04636837746331279,0.04532548095004192,5,9.450330989766346,train,-0.0086299362565071,-0.008592805246133706,1.8005356664583516,0.0025
2018-10-05,0.013987324450891125,1.0,0.0,1.0,0.0025,0.011452356139764142,0.011387274331213221,5,9.5585595458998,train,-0.0387317362414509,-0.03799125338410714,1.73213105972681,0.0025
2018-10-12,0.03486533125671743,1.0,0.0,1.0,0.0025,0.03227816792857574,0.03176817330574918,5,9.867092336077645,train,-0.0121550520602612,-0.012081477816262454,1.7112043567538613,0.0025
2018-10-19,-0.03316529615357557,1.0,0.0,1.0,0.0025,-0.0355823829131916,-0.036230865435489056,5,9.515997678335513,train,-0.0619180306375263,-0.0600400684502691,1.6084635300419603,0.0025
2018-10-26,0.02245159551646632,1.0,0.0,1.0,0.0025,0.019895466527675154,0.01970013824795972,5,9.705322891622272,train,0.0263369150806693,0.02668679647432337,1.651388268904562,0.0025
2018-11-02,0.021115168957201783,1.0,0.0,1.0,0.0025,0.018562381034808784,0.018392202756919433,5,9.885476793202416,train,-0.0114945669248386,-0.0114287567848107,1.6325149540219623,0.0025
2018-11-09,0.004251935540273633,1.0,0.0,0.4,0.001,0.0032476836047334867,0.003242421270853998,5,9.917581694108673,train,-0.0177661805676691,-0.017609292456441383,1.6037675207570754,0.0025
2018-11-16,0.006443193513533528,1.0,0.0,0.8,0.002,0.004430307126506605,0.0044205222053816445,5,9.961519626965794,train,0.0217830831341397,0.022022066600607904,1.6390857959110794,0.0025
2018-11-23,-0.02574654316092995,1.0,0.0,1.0,0.0025,-0.028182176803027592,-0.028586916782373784,5,9.680782319611815,train,0.0092925076781389,0.009335817074632047,1.654388001071333,0.0025
2018-11-30,0.04997404267726454,1.0,0.0,0.8,0.002,0.047874094591910055,0.046763439933435534,5,10.1442410081046,train,0.0340062367652206,0.034591059209532204,1.711615034371931,0.0025
2018-12-07,0.04013603735225573,1.0,0.0,0.6000000000000001,0.0015000000000000002,0.03857583329622738,0.03785038361916671,5,10.535563558149997,train,-0.006856404075887,-0.006832952565747563,1.6999196500312472,0.0025
2018-12-14,-0.017601541060134233,1.0,0.0,1.0,0.0025,-0.020057537207483822,-0.020261420477311266,5,10.324246100080593,train,-0.042682013551559,-0.041783958657199194,1.6288902776537808,0.0025
2018-12-21,0.028391880537861347,1.0,0.0,1.0,0.0025,0.02582090083651667,0.025493170922914667,5,10.590827434842568,train,-0.0218537065871759,-0.02161664437769928,1.593679135791447,0.0025
2018-12-28,-0.035133771259173364,1.0,0.0,0.8,0.002,-0.03706350371665501,-0.03776781298939041,5,10.19829426284883,train,-0.0131272184609217,-0.013041432316758916,1.572895277207392,0.0025
2019-01-04,0.08368046728690674,1.0,0.0,1.0,0.0025,0.08097126611868943,0.0778599574700198,5,11.024063061562666,train,0.0244572380044788,0.024758769440345274,1.6118382287295778,0.0025
2019-01-11,-0.004196384531711629,1.0,0.0,1.0,0.0025,-0.006685893570382295,-0.006708344281463179,5,10.950357349219875,train,-0.0004542911197737,-0.0004541879451872566,1.6111061512364968,0.0025
2019-01-18,0.043202902849174524,1.0,0.0,0.6000000000000001,0.0015000000000000002,0.041638098494900744,0.04079456869927545,5,11.406309407081052,train,0.007266013261194,0.007292474786656289,1.6228551022230158,0.0025
2019-01-25,0.026932872062511472,1.0,0.0,1.0,0.0025,0.024365539882355236,0.024073435459139807,5,11.684230293849769,train,-0.0002310803014327,-0.0002310536044363154,1.6224801357021692,0.0025
2019-02-01,0.044330170196758986,1.0,0.0,1.0,0.0025,0.04171934477126715,0.04087256422200267,5,12.17168872586577,train,0.0454163961769562,0.046463512606336854,1.6978662619408982,0.0025
2019-02-15,0.013869197958293868,1.0,0.0,1.0,0.0025,0.011334524963398263,0.01127077053380388,5,12.30964903557581,train,0.039204938333574,0.039983594316903126,1.7657530577626996,0.0025
2019-02-22,0.06701124821029225,1.0,0.0,0.8,0.002,0.06487722571387167,0.06285951149618213,5,13.108264914515404,train,-0.009428377116868,-0.009384069328857048,1.749183108651013,0.0025
2019-03-01,0.049251390822292906,1.0,0.0,0.8,0.002,0.04715288804064821,0.04607494609948531,5,13.726357462436706,train,0.0057204667212344,0.005736859834835517,1.7592179269708057,0.0025
2019-03-08,0.037323238814004525,1.0,0.0,0.8,0.002,0.03524859233637656,0.034641583709581154,5,14.210192240893518,train,0.0189713989467374,0.01915249936564334,1.7929113472011424,0.0025
2019-03-15,0.013026164794015638,1.0,0.0,1.0,0.0025,0.01049359938203076,0.010438923731661921,5,14.359308305411096,train,-0.0154657518784183,-0.015346771302234719,1.7653959467904652,0.0025
2019-03-22,0.06378867947609752,1.0,0.0,0.8,0.002,0.06166110211714537,0.05983475900835213,5,15.244719081162623,train,-0.0080732818273934,-0.008040780410838333,1.7512007856441387,0.0025
2019-03-29,0.011233528378139446,1.0,0.0,0.8,0.002,0.009211061321383163,0.009168898209621834,5,15.385139123446471,train,0.0086294075665857,0.008666748236061839,1.76637800196411,0.0025
2019-04-05,-0.017494780051230265,1.0,0.0,1.0,0.0025,-0.019951043101102184,-0.020152752545996338,5,15.078189549678138,train,-0.0064498033100407,-0.006429047975254232,1.755021873047049,0.0025
2019-04-12,-0.0011873988441882142,1.0,0.0,0.6000000000000001,0.0015000000000000002,-0.002685617745921798,-0.0026892304870044692,5,15.037695296247149,train,-0.0171261836817833,-0.016980364228303846,1.72522096241407,0.0025
2019-04-19,-0.02473183745130243,1.0,0.0,0.8,0.002,-0.026682373776399926,-0.027044809959635995,5,14.636453889617071,train,0.0138039553466267,0.013899669844029683,1.749200964199625,0.0025
2019-04-26,0.018772969236207596,1.0,0.0,1.0,0.0025,0.016226036813117073,0.01609580159017753,5,14.873945529243489,train,-0.0056301267577642,-0.005614307296557874,1.7393804124631729,0.0025
2019-05-03,0.08064737422162843,1.0,0.0,1.0,0.0025,0.07794575578607454,0.07505715191283797,5,16.033306455041277,train,-0.0224124314182189,-0.022163138768554802,1.700830283010445,0.0025
2019-05-10,0.02661259655377868,1.0,0.0,1.0,0.0025,0.024046065062394373,0.023761511017997224,5,16.418844385224507,train,0.0248116697347408,0.02512204083775127,1.7435586108383176,0.0025
2019-05-17,-0.0014379038806351168,1.0,0.0,1.0,0.0025,-0.00393430912093351,-0.003942068874596352,5,16.35424757600453,train,-0.0066272699419604,-0.0066053580206455464,1.7320417819837508,0.0025
2019-05-24,-0.005544217553192188,1.0,0.0,1.0,0.0025,-0.008030357009309208,-0.008062773989410035,5,16.22291712935058,train,-0.0105187222054936,-0.010463593909466717,1.7139184001428436,0.0025
2019-05-31,0.0233414073340021,1.0,0.0,1.0,0.0025,0.020783053815667252,0.020570032584686246,5,16.560078889096985,train,-0.0016682658079424,-0.0016668750260449006,1.7110615123649666,0.0025
2019-06-07,0.03878998701841403,1.0,0.0,1.0,0.0025,0.036193012050868,0.03555343155306269,5,17.159438023893397,train,-0.0048852280075056,-0.004873314688817465,1.702722971163288,0.0025
2019-06-14,0.009294778545719275,1.0,0.0,1.0,0.0025,0.006771541599355224,0.006748717688978416,5,17.27563387229375,train,0.0058448208800217,0.005861935172659649,1.7127042228372458,0.0025
2019-06-21,-0.020082965972982807,1.0,0.0,1.0,0.0025,-0.02253275855805026,-0.022790500275531415,5,16.88636618531208,train,-0.0097007790079986,-0.009653878231859814,1.6961699848227827,0.0025
2019-06-28,0.026537889983591637,1.0,0.0,0.8,0.002,0.024484814203624472,0.024189865945305974,5,17.299825723933814,train,0.0263873034532868,0.026738530854580222,1.7415230782965794,0.0025
2019-07-05,-0.012984586794291932,1.0,0.0,1.0,0.0025,-0.01545212532730611,-0.01557275367218288,5,17.032506648707034,train,6.151511735948676e-05,6.151700945311589e-05,1.7416302115882498,0.0025
2019-07-12,0.01029329947084401,1.0,0.0,0.8,0.002,0.008272712871902232,0.008238681541565488,5,17.173411685700554,train,0.0070898373332102,0.0071150297313922195,1.7540219623247912,0.0025
2019-07-19,-0.014756816417861755,1.0,0.0,0.6000000000000001,0.0015000000000000002,-0.0162346811932349,-0.016367907522447565,5,16.894606821983032,train,0.0111455886049099,0.011207932080542271,1.773680921346307,0.0025
2019-07-26,0.039385381209141035,1.0,0.0,0.8,0.002,0.037306610446722566,0.03662755617873343,5,17.524887337341294,train,-0.0022676318014097,-0.0022650626667337637,1.7696634229086676,0.0025
2019-08-02,0.0177518867122338,1.0,0.0,1.0,0.0025,0.015207506995453146,0.015093031988271033,5,17.79139718411844,train,-0.0170551187076114,-0.016910503480980554,1.7397375234354064,0.0025
2019-08-09,0.0012674626452529713,1.0,0.0,0.8,0.002,-0.000735072280037552,-0.0007353425781332005,5,17.778319221225257,train,0.0057922529595662,0.005809060492230511,1.749843763949646,0.0025
2019-08-16,0.03007733842136753,1.0,0.0,1.0,0.0025,0.02750214507531412,0.027130755050612743,5,18.267261135642638,train,0.0126240617939691,0.01270408163265313,1.7720739219712514,0.0025
2019-08-23,-0.019465978028066176,1.0,0.0,0.8,0.002,-0.02142704607201007,-0.02165993802386439,5,17.875847689679784,train,-0.0084897626555141,-0.008453826389238861,1.7570931166860089,0.0025
2019-08-30,-0.006102039848007413,1.0,0.0,1.0,0.0025,-0.008586784748387366,-0.008623863595850644,5,17.722351633373545,train,-0.0101934350098609,-0.010141658028981926,1.739273279171501,0.0025
2019-09-06,0.011046178950807685,1.0,0.0,1.0,0.0025,0.00851856350343061,0.00848248528628221,5,17.873320611192565,train,0.0133994764719813,0.013489651773981537,1.7627354700473157,0.0025
2019-09-13,0.0015309154550725125,1.0,0.0,0.8,0.002,-0.0004721463758377009,-0.0004722578720342072,5,17.864881787641806,train,0.0031756011274,0.0031806486902614672,1.7683421123113992,0.0025
2019-09-20,-0.0073595559874965345,1.0,0.0,1.0,0.0025,-0.009841157097527642,-0.009889901347570354,5,17.689070679440864,train,0.0075244294248605,0.007552809079526712,1.781698062672974,0.0025
2019-09-27,0.04103043061250757,1.0,0.0,0.8,0.002,0.03894836975128246,0.038209018631458314,5,18.378031144820294,train,-0.0103253109545986,-0.010272187925919884,1.7633961253459498,0.0025
2019-10-04,0.03833736159275461,1.0,0.0,1.0,0.0025,0.0357415181887728,0.03511761288924681,5,19.03488987925672,train,0.0042941720907541,0.004303405259267423,1.7709847335059354,0.0025
2019-10-11,-0.003160173388533138,1.0,0.0,0.8,0.002,-0.005153853041756085,-0.005167179952022567,5,18.93678685415302,train,-0.0026652683063481,-0.0026617196321987446,1.7662708686724384,0.0025
2019-10-18,-0.0013847780111877045,1.0,0.0,1.0,0.0025,-0.0038813160661597124,-0.0038888679204514584,5,18.863287199094554,train,0.0074228473989751,0.007450465022240227,1.7794304079992842,0.0025
2019-10-25,0.018755184025133945,1.0,0.0,0.8,0.002,0.016717673657083543,0.016579471502943664,5,19.178637478588858,train,0.018905620339592,0.019085463138565295,1.8133916614587968,0.0025
2019-11-01,0.027607710305603828,1.0,0.0,0.8,0.002,0.02555249488499256,0.02523148677158894,5,19.668699514661625,train,0.0067711045322042,0.006794080288305304,1.8257119900008911,0.0025
2019-11-08,0.025083041971086975,1.0,0.0,0.8,0.002,0.023032875887144755,0.02277162319519238,5,20.12172622944437,train,-0.0122607955535549,-0.012185938248784889,1.803463976430674,0.0025
2019-11-15,0.001358686322901148,1.0,0.0,0.8,0.002,-0.0006440310497446422,-0.0006442385268270645,5,20.108767212978147,train,-0.0324506165097091,-0.0319297446610497,1.7458798321578413,0.0025
2019-11-22,0.05814561661795932,1.0,0.0,0.8,0.002,0.05602932538472327,0.05451595514916838,5,21.235447874239753,train,-0.0072157272429918,-0.007189756386917212,1.7333273814837942,0.0025
2019-11-29,0.021031289370235396,1.0,0.0,1.0,0.0025,0.01847871114680988,0.01831005430309875,5,21.627851581580966,train,-0.0074342097330809,-0.007406644347154212,1.7204892420319595,0.0025
2019-12-06,0.061605916570559846,1.0,0.0,1.0,0.0025,0.058951901779133564,0.0572796470600865,5,22.902854563712005,train,0.0027153933792638,0.0027190833990617946,1.7251673957682332,0.0025
2019-12-13,-0.017753498279999193,1.0,0.0,1.0,0.0025,-0.020209114534299077,-0.02041611226459165,5,22.440008152671556,train,-0.0101634608522497,-0.010111987414353263,1.707722524774572,0.0025
2019-12-20,0.05583678125379388,1.0,0.0,0.4,0.001,0.054780944472540005,0.053333109797728144,5,23.6692929932464,train,0.0073961752220442,0.007423594483537466,1.7203999642889012,0.0025
2019-12-27,-0.018397932753026036,1.0,0.0,1.0,0.0025,-0.02085193792114337,-0.021072409808446668,5,23.175742365113873,train,0.0016903019086844,0.0016917312741953072,1.7233104187126134,0.0025
2020-01-03,0.01498629259456368,1.0,0.0,0.6000000000000001,0.0015000000000000002,0.013463813155671911,0.01337398144335032,5,23.487776230061755,train,0.0035166144386483,0.0035228049816606877,1.729381305240602,0.0025
2020-01-10,0.001988063968748155,1.0,0.0,1.0,0.0025,-0.0005169061911736161,-0.000517039833234443,5,23.475635253111534,train,0.0107010007023258,0.010758461189006141,1.7479867868940255,0.0025
2020-01-17,0.07777293730653337,1.0,0.0,1.0,0.0025,0.07507850496326718,0.0723936867860275,5,25.23815085097812,train,0.012687820553865,0.012768652447495255,1.7703062226586894,0.0025
2020-01-22,-0.009084838479177628,1.0,0.0,0.8,0.002,-0.011066668802219293,-0.011128359947294286,5,24.958848594329897,train,-0.0569009538768133,-0.05531236761947034,1.672386394071956,0.0025
2020-01-31,-0.015159167442960819,1.0,0.0,0.8,0.002,-0.017128849108074995,-0.017277244850654735,5,24.53133224284633,train,0.004399779119082,0.004409472358053446,1.679760735648601,0.0025
2020-02-07,0.0473607619262332,1.0,0.0,1.0,0.0025,0.04474236002141785,0.04377030958540258,5,25.628921941860774,train,-0.0035140063845868,-0.003507839489768738,1.67386840460673,0.0025
2020-02-14,0.013129195597106388,1.0,0.0,1.0,0.0025,0.010596372608113747,0.010540624524398395,5,25.90049554830099,train,-0.0046617638713661,-0.004650914715451537,1.6660833854120154,0.0025
2020-02-21,0.06430356105983841,1.0,0.0,0.8,0.002,0.06217495393771877,0.060318649305943585,5,27.510857665980694,train,-0.0560942069091176,-0.05454993623337512,1.575198642978304,0.0025
2020-02-28,0.036832368990827424,1.0,0.0,1.0,0.0025,0.03424028806835033,0.033667136001879365,5,28.452837357471257,train,0.0104306804303224,0.010485269613121906,1.5917150254441554,0.0025
2020-03-06,-0.043391047033236096,1.0,0.0,1.0,0.0025,-0.04578256941565306,-0.04686371884380607,5,27.150193356080543,train,-0.1571803326487982,-0.1454500583325855,1.36019998214445,0.0025
2020-03-13,-0.011408589892634604,1.0,0.0,1.0,0.0025,-0.013880068417903013,-0.013977297311771915,5,26.773346814738847,train,-0.0707731840701984,-0.06832681351571313,1.26726185162039,0.0025
2020-03-20,-0.03150076963627868,1.0,0.0,1.0,0.0025,-0.033922017712187946,-0.034510721021851834,5,25.865140869874725,train,-0.0194487525044314,-0.019260845673707006,1.2428533166681537,0.0025
2020-03-27,0.010560146382417469,1.0,0.0,1.0,0.0025,0.008033746016461452,0.008001647279728727,5,26.072934842303297,train,0.0082125996337443,0.008246415538890384,1.2531024015712873,0.0025
2020-04-03,0.09527168838047757,1.0,0.0,0.8,0.002,0.09308114500371656,0.08900044706424388,5,28.499833471032183,train,0.0769557636874583,0.07999430037047617,1.3533434514775458,0.0025
2020-04-10,0.10978851420097514,1.0,0.0,1.0,0.0025,0.10701404291547267,0.10166633920653803,5,31.549715873185047,train,0.0409222612826989,0.0417711164472121,1.4098741183822865,0.0025
2020-04-17,0.0029405131466067936,1.0,0.0,1.0,0.0025,0.00043316186374031673,0.0004330680762226905,5,31.56338200691315,train,-0.0165238139554625,-0.01638804457953391,1.3867690384787064,0.0025
2020-04-24,0.009841877855431736,1.0,0.0,0.6000000000000001,0.0015000000000000002,0.00832711503864858,0.008292635891860075,5,31.82621391989353,train,-0.0097686719749534,-0.009721113485952615,1.3732880992768497,0.0025
2020-04-29,0.09586566939892056,1.0,0.0,0.8,0.002,0.09367393806012281,0.08954261392647557,5,34.80750071131386,train,0.0563946134589249,0.0580151083720144,1.4529595571823934,0.0025
2020-05-08,0.021619934421472788,1.0,0.0,1.0,0.0025,0.019065884585419024,0.018886408269626058,5,35.47113650258266,train,0.0162123544132474,0.016344487729345047,1.4767074368359958,0.0025
2020-05-15,0.054923280011908715,1.0,0.0,1.0,0.0025,0.052285971811879106,0.05096491369779826,5,37.32577934589201,train,0.0306137244026235,0.03108714315079264,1.5226140523167564,0.0025
2020-05-22,0.02364249664217373,1.0,0.0,0.6000000000000001,0.0015000000000000002,0.02210703289721061,0.021866215160069563,5,38.15094157780567,train,0.0136619079175948,0.013755658231113799,1.543558610838317,0.0025
2020-05-29,0.04894932384361815,1.0,0.0,1.0,0.0025,0.04632695053400915,0.045285889014460255,5,39.91835836110654,train,0.0248486243984966,0.02515992457806515,1.582394429068832,0.0025
2020-06-05,0.0723762797239951,1.0,0.0,0.8,0.002,0.07023152716454706,0.06787500559453898,5,42.72188563070872,train,-0.0259481679094106,-0.025614407257791516,1.5418623337202024,0.0025
2020-06-12,0.023620824161707566,1.0,0.0,1.0,0.0025,0.021061772101303333,0.020843038920750047,5,43.621684249600655,train,0.005819609053264,0.005836575875486361,1.5508615302205149,0.0025
2020-06-19,0.006561140418850987,1.0,0.0,0.8,0.002,0.00454801813801331,0.0045377071547273865,5,43.82007646077853,train,-0.0192736155482074,-0.01908906696140722,1.5212570306222648,0.0025
2020-06-26,-0.04349481491775325,1.0,0.0,0.8,0.002,-0.04540782528791765,-0.04647107189618995,5,41.830302084744304,train,-0.0051424280329082,-0.005129228385642892,1.5134541558789385,0.0025
2020-07-03,0.04035399427202129,1.0,0.0,1.0,0.0025,0.037753109286341235,0.03705790412704891,5,43.40952605083032,train,0.0274624256309624,0.02784299382970934,1.5555932506026235,0.0025
2020-07-10,0.04374343070879239,1.0,0.0,1.0,0.0025,0.04113407213202058,0.04031057301330704,5,45.195136626622,train,0.0009293094523316,0.0009297413941529165,1.5570395500401737,0.0025
2020-07-17,-0.04263892119728792,1.0,0.0,0.8,0.002,-0.044553643354893424,-0.045576658536517066,5,43.1815286279838,train,-0.0503992192944646,-0.04915024884750352,1.4805106686902942,0.0025
2020-07-24,-0.06693712967882058,1.0,0.0,0.8,0.002,-0.06880325541946297,-0.07128469795121943,5,40.21049888438978,train,-0.0378159402625956,-0.03710984610931545,1.4255691456119977,0.0025
2020-07-31,0.06428585561817535,1.0,0.0,0.8,0.002,0.06215728390693909,0.06030201346107403,5,42.70987427958645,train,0.0525412784671804,0.05394606645874833,1.5024729934827237,0.0025
2020-08-07,0.0309295059351856,1.0,0.0,0.8,0.002,0.028867646923315116,0.028458825569851964,5,43.94280785042873,train,0.0109680806416262,0.011028450550234048,1.51904294259441,0.0025
2020-08-14,0.02754725285427468,1.0,0.0,1.0,0.0025,0.02497838472213898,0.02467152429205293,5,45.040428210687764,train,0.0047375669078352,0.0047488069210332995,1.526256584233549,0.0025
2020-08-21,0.06528070153796382,1.0,0.0,1.0,0.0025,0.0626174997841189,0.06073520373414111,5,47.86074721444713,train,0.0279180184124085,0.028311378366363327,1.5694670118739382,0.0025
2020-08-28,0.015252196450480883,1.0,0.0,1.0,0.0025,0.012714065959354759,0.012633920821561588,5,48.46925191139562,train,0.025342267854887,0.025666112994607415,1.6097491295420037,0.0025
2020-09-04,0.06026202874564813,1.0,0.0,1.0,0.0025,0.057611373673783994,0.05601294428758706,5,51.2616320949518,train,-0.0140409229899268,-0.013942808971315723,1.5873047049370577,0.0025
2020-09-11,0.11608266356505981,1.0,0.0,0.8,0.002,0.11385049823792959,0.10782292984015958,5,57.097794449451506,train,0.0133862730100975,0.013476270290335934,1.6086956521739113,0.0025
2020-09-18,0.035033320210554456,1.0,0.0,1.0,0.0025,0.032445736910027945,0.0319304894211653,5,58.95037446630126,train,0.0080919290548845,0.00812475720073258,1.6217659137576983,0.0025
2020-09-25,0.05707666028538366,1.0,0.0,0.6000000000000001,0.0015000000000000002,0.05549104529495552,0.05400610441895271,5,62.22159236596538,train,0.0018040022932506,0.0018056304843272475,1.6246942237300224,0.0025
2020-10-02,0.026021434643344388,1.0,0.0,0.8,0.002,0.02396939177405777,0.023686635324929102,5,63.71300609019092,train,0.0153663781207256,0.01548504797177741,1.649852691723951,0.0025
2020-10-09,0.029507080006756108,1.0,0.0,0.8,0.002,0.027448065846742642,0.02707812192276708,5,65.4618048766484,train,0.0206722940141232,0.020887445887445732,1.684313900544592,0.0025
2020-10-16,0.005679038122931024,1.0,0.0,0.8,0.002,0.003667680046685051,0.003660970508843571,5,65.70189783221447,train,0.0188605582308704,0.019039542033287393,1.716382465851261,0.0025
2020-10-23,-0.023448235345668846,1.0,0.0,0.6000000000000001,0.0015000000000000002,-0.02491306299265028,-0.025228645797971423,5,64.06506231278384,train,-0.0379432073093592,-0.03723238249797134,1.6524774573698755,0.0025
2020-10-30,0.03280861567416307,1.0,0.0,1.0,0.0025,0.030226594134977747,0.029778772352149218,5,66.00153094954442,train,0.0137573530896879,0.013852420932066956,1.675368270690115,0.0025
2020-11-06,0.06285842729363803,1.0,0.0,0.8,0.002,0.06073271043905093,0.058959905593481146,5,70.00998281723716,train,0.0294049265317321,0.02984152021230102,1.725363806802962,0.0025
2020-11-13,0.05819131733453986,1.0,0.0,0.8,0.002,0.05607493469987079,0.05455914365649404,5,73.93578803205281,train,0.0242409469298968,0.024537147233232304,1.7676993125613762,0.0025
2020-11-20,0.004692740235310411,1.0,0.0,1.0,0.0025,0.0021810083847220163,0.002178633438493105,5,74.09704260568175,train,0.0202184647691277,0.020424242424242456,1.8038032318542967,0.0025
2020-11-27,0.05408263288966691,1.0,0.0,1.0,0.0025,0.0514474263074427,0.05016771615404515,5,77.909144744737,train,0.0110942167867875,0.011155985824869763,1.8239264351397173,0.0025
2020-12-04,0.0850524721650341,1.0,0.0,1.0,0.0025,0.08233984098462166,0.07912521704735537,5,84.32417133426652,train,0.0236727782913326,0.023955202694103672,1.8676189625926232,0.0025
2020-12-11,0.07963456771924256,1.0,0.0,0.8,0.002,0.07747529858380409,0.07462061798478008,5,90.85721168622068,train,0.0203468706988554,0.02055527936058743,1.9060083921078448,0.0025
2020-12-18,0.08332978870050442,1.0,0.0,0.6000000000000001,0.0015000000000000002,0.08170479401745379,0.07853830957315135,5,98.28068145204354,train,0.0157632871585214,0.01588818316377205,1.936291402553341,0.0025
2020-12-25,0.06333533774525782,1.0,0.0,1.0,0.0025,0.06067699940089488,0.05890738293563675,5,104.24405830162873,train,0.0177769054470895,0.017935855111488097,1.9710204446031585,0.0025
2020-12-31,0.06255865177596683,1.0,0.0,0.6000000000000001,0.0015000000000000002,0.060964813798302986,0.05917869583810979,5,110.59927790556696,train,0.0562052509211964,0.05781477891418385,2.0849745558432264,0.0025
2021-01-08,0.07489181345273095,1.0,0.0,0.8,0.002,0.07274202982582545,0.07021801519592205,5,118.64449387768848,train,0.0224490669113457,0.022702943418201782,2.1323096152129253,0.0025
2021-01-15,-0.01710950241863414,1.0,0.0,1.0,0.0025,-0.019566728662587574,-0.01976069141134055,5,116.32300925867371,train,-0.0232286871644157,-0.02296097806062647,2.0833497009195585,0.0025
2021-01-22,-0.09329288891523349,1.0,0.0,1.0,0.0025,-0.0955596566929453,-0.1004389317591404,5,105.20722242842454,train,-0.099182147943532,-0.09442225612369093,1.8866351218641173,0.0025
2021-01-29,0.0786819993783073,1.0,0.0,1.0,0.0025,0.07598529437986157,0.07323679471298514,5,113.20142419553596,train,0.064413703815841,0.06653353649880289,2.012159628604587,0.0025
2021-02-05,0.014699262196225638,1.0,0.0,0.8,0.002,0.012669863671833204,0.012590272516781542,5,114.63567080755077,train,-0.0106877511663881,-0.010630840084833615,1.9907686813677328,0.0025
2021-02-09,0.08975144341193429,1.0,0.0,0.8,0.002,0.0875719405251103,0.08394763399973933,5,124.67453895356573,train,0.0511991136366808,0.05253244598315576,2.095348629586642,0.0025
2021-02-19,-0.018638641416958524,1.0,0.0,0.8,0.002,-0.02060136413412461,-0.020816532541237404,5,122.10607337832921,train,-0.0042955355826967,-0.00428632296548781,2.0863672886349414,0.0025
2021-02-26,0.12432476009715603,1.0,0.0,1.0,0.0025,0.12151394819691319,0.11467951199121237,5,136.943664453352,train,0.0001882626783359,0.00018828040086615871,2.0867601107044,0.0025
2021-03-05,0.04196058911448932,1.0,0.0,1.0,0.0025,0.03935568764170316,0.03860099005083448,5,142.33317653608833,train,0.0109521358539264,0.011012330044750884,2.109740201767697,0.0025
2021-03-12,0.08365693335897506,1.0,0.0,1.0,0.0025,0.08094779102557759,0.07783824056712725,5,153.85473276633826,train,0.0105152908820275,0.010570770845323096,2.1320417819837494,0.0025
2021-03-19,0.023129830379851876,1.0,0.0,0.6000000000000001,0.0015000000000000002,0.02159513563428228,0.021365264207904862,5,157.1772465884036,train,-0.027027525147663,-0.026665550018843298,2.0751897152039978,0.0025
2021-03-26,0.1381348820157791,1.0,0.0,0.8,0.002,0.13585861225174756,0.12738885150704404,5,178.53112918745484,train,0.0521683985904663,0.05355314444033343,2.186322649763412,0.0025
2021-04-02,0.16727724641976635,1.0,0.0,1.0,0.0025,0.16435905330371692,0.15217076678124516,5,207.8743365659485,train,0.0058710894141771,0.005888358038302899,2.19919650031247,0.0025
2021-04-09,0.1026738793662233,1.0,0.0,0.6000000000000001,0.0015000000000000002,0.10101986854717393,0.09623690348795715,5,228.8737747201716,train,0.0057076625276528,0.0057239822678336605,2.21178466208374,0.0025
2021-04-16,-0.011524984106567063,1.0,0.0,0.6000000000000001,0.0015000000000000002,-0.01300769663040724,-0.013093037583525351,5,225.89665409195544,train,0.0078963437584367,0.007927602102186793,2.22931881082046,0.0025
2021-04-23,0.04491251976111477,1.0,0.0,1.0,0.0025,0.04230023846171216,0.0414300385472563,5,235.45213642774806,train,-0.0073475361904876,-0.007320609036226555,2.212998839389338,0.0025
2021-04-29,-0.006212433975610687,1.0,0.0,0.8,0.002,-0.0082000091076595,-0.008233814110063369,5,233.52142676462265,train,0.0019506696496567,0.0019525734433873954,2.2173198821533764,0.0025
2021-05-07,0.08281027395277679,1.0,0.0,0.8,0.002,0.08064465340487126,0.0775577643622121,5,252.35368128866668,train,0.0195766507460883,0.019769529960299792,2.261155253995176,0.0025
2021-05-14,0.0707682859218219,1.0,0.0,0.8,0.002,0.06862674934997837,0.0663744123730772,5,269.6718941220083,train,0.013779043158838,0.013874411699674738,2.292527452905988,0.0025
2021-05-21,0.05894523541663986,1.0,0.0,0.8,0.002,0.056827344945806546,0.055271349123815594,5,284.9966318714687,train,0.0280544740923225,0.028451706868754423,2.3577537719846413,0.0025
2021-05-28,0.057100410270140456,1.0,0.0,1.0,0.0025,0.05445765924446522,0.05302656768339682,5,300.51688133574544,train,0.0397824224999234,0.040584341820274705,2.453441656994908,0.0025
2021-06-04,-0.013608023510638948,1.0,0.0,0.8,0.002,-0.015580807463617674,-0.01570346397063107,5,295.83458566808633,train,-0.0163699318049768,-0.016236672610167036,2.413605928042136,0.0025
2021-06-11,0.08694993900443336,1.0,0.0,0.8,0.002,0.08477603912642429,0.08137355013411814,5,320.91427007763355,train,0.019073598662578,0.019256661784070817,2.460083921078472,0.0025
2021-06-18,0.13790154116055534,1.0,0.0,0.8,0.002,0.1356257380782342,0.1271838100993888,5,364.43850481675037,train,0.0089238242540038,0.0089637602792918,2.4821355236139597,0.0025
2021-06-25,0.02972280379158905,1.0,0.0,0.8,0.002,0.027663358184006004,0.027287640818466352,5,374.52009771153973,train,0.021456920032209,0.021688775069778288,2.5359700026783285,0.0025
2021-07-02,-0.01686502689527316,1.0,0.0,0.8,0.002,-0.018831296841482548,-0.019010863602106673,5,367.46739857843266,train,-0.0528631676867307,-0.05149020960803219,2.4053923756807394,0.0025
2021-07-09,0.009475456946514062,1.0,0.0,1.0,0.0025,0.006951768304147787,0.006927716168449176,5,370.02194679267785,train,-0.0361504723681579,-0.03550484730614489,2.3199892866708294,0.0025
2021-07-16,-0.01779194899263341,1.0,0.0,1.0,0.0025,-0.02024746912015174,-0.020455258716298334,5,362.5299388512147,train,-0.0237381383215508,-0.02345860495185892,2.265565574502273,0.0025
2021-07-23,0.07011168340208793,1.0,0.0,1.0,0.0025,0.06743640419358266,0.06525988982009213,5,386.97765433986,train,0.0319700884162934,0.03248662153322357,2.3391661458798287,0.0025
2021-07-30,0.10012630583368258,1.0,0.0,1.0,0.0025,0.09737599006909847,0.09292186647966061,5,424.6599865658212,train,0.0236858140545486,0.023968550818671108,2.3952325685206644,0.0025
2021-08-06,0.01671013798716763,1.0,0.0,1.0,0.0025,0.014168362642199783,0.014068929494868567,5,430.67672325511745,train,0.0115621076795603,0.011629207201162783,2.4230872243549646,0.0025
2021-08-13,0.07588300852095649,1.0,0.0,1.0,0.0025,0.07319330099965415,0.07063859746976645,5,462.19937429387403,train,-0.0205629472156144,-0.02035297151910387,2.373770199089364,0.0025
2021-08-20,0.026857104064495395,1.0,0.0,0.8,0.002,0.02480338985636643,0.02450077941728822,5,473.6634855658536,train,-0.0122833722968082,-0.012208239621491868,2.3447906436925234,0.0025
2021-08-27,0.058832753669724944,1.0,0.0,1.0,0.0025,0.05618567178555067,0.054663995383067286,5,500.2765867026566,train,0.0162021785491068,0.016334145598537964,2.3830907954646867,0.0025
2021-09-01,0.05514174536512673,1.0,0.0,1.0,0.0025,0.052503891001714154,0.051171983481308525,5,526.5430540816025,train,0.0079553845735818,0.007987112726182799,2.402124810284792,0.0025
2021-09-10,0.08394911310612814,1.0,0.0,1.0,0.0025,0.08123924032336283,0.07810782806841622,5,569.3190117927352,train,0.0054337686282988,0.005448558324847141,2.415212927417191,0.0025
2021-09-17,0.10719543407308502,1.0,0.0,1.0,0.0025,0.10442744548790239,0.09932705180447042,5,628.7715418619475,train,-0.0010873546179921,-0.0010867636621717525,2.4125881617712666,0.0025
2021-09-24,-0.003718530842001997,1.0,0.0,0.6000000000000001,0.0015000000000000002,-0.005212953045738988,-0.00522658789131621,5,625.4937853377243,train,-0.0121219923246479,-0.012048816951234831,2.3835193286313685,0.0025
2021-10-01,0.06193712753952641,1.0,0.0,1.0,0.0025,0.059282284720677536,0.05759158890894219,5,662.5744860111296,train,0.0279525663218534,0.02834690498842596,2.451084724578158,0.0025
2021-10-08,0.07565109201931616,1.0,0.0,0.8,0.002,0.07349978983527738,0.0709241425614372,5,711.2735714831646,train,0.0144428513014079,0.014547653216583134,2.486742255155786,0.0025
2021-10-15,0.0435923652220521,1.0,0.0,0.6000000000000001,0.0015000000000000002,0.04202697667421895,0.041167832318719386,5,741.166249280876,train,-0.0024874740534089,-0.0024843828534500956,2.480564235336127,0.0025
2021-10-22,0.11832105354304595,1.0,0.0,1.0,0.0025,0.11552525090918841,0.10932537103872253,5,826.7896661944712,train,0.038847168577857,0.039611586191010906,2.5788233193464825,0.0025
2021-10-29,0.11568685750487916,1.0,0.0,1.0,0.0025,0.11289764036111682,0.10696710073362058,5,920.1322685827824,train,0.0084391595665416,0.00847486965733557,2.6006785108472417,0.0025
2021-11-05,0.19454881194446885,1.0,0.0,0.8,0.002,0.19215971432058,0.175766548191474,5,1096.9446224507972,train,0.0115091308217529,0.011575615684066731,2.63078296580662,0.0025
2021-11-12,0.12092294224427615,1.0,0.0,0.8,0.002,0.11868109635978752,0.11215039886419564,5,1227.131212889231,train,-0.0143693598022115,-0.014266613274330209,2.593250602624761,0.0025
2021-11-19,0.006704093055031838,1.0,0.0,1.0,0.0025,0.004187332822394474,0.004178590340934371,5,1232.2696196943468,train,0.0276246779386667,0.028009777257548052,2.6658869743772837,0.0025
2021-11-26,-0.013736428586103045,1.0,0.0,1.0,0.0025,-0.016202087514637697,-0.01633477651239227,5,1212.3042794744297,train,-0.0338615966977765,-0.03329470941642154,2.577127042228368,0.0025
2021-12-03,0.03933687282426897,1.0,0.0,1.0,0.0025,0.036738530642208334,0.03607975728326491,5,1256.8425573935813,train,0.0139121430869496,0.014009367292076691,2.6132309615212885,0.0025
2021-12-10,0.05381572434412312,1.0,0.0,1.0,0.0025,0.051181185033262855,0.04991447002758538,5,1321.1692488812214,train,0.0110420273012447,0.011103215491206297,2.642246228015352,0.0025
2021-12-17,0.12262025412570879,1.0,0.0,1.0,0.0025,0.11981370349039455,0.11316233530231774,5,1479.4634295273033,train,-0.0018668710314443,-0.0018651295116197675,2.637318096598514,0.0025
2021-12-24,0.05714308870889066,1.0,0.0,1.0,0.0025,0.054500230987118536,0.05306693998561896,5,1560.094528173536,train,0.0142844687311994,0.014386979275979428,2.6752611373984423,0.0025
2021-12-31,0.08799201097433529,1.0,0.0,0.6000000000000001,0.0015000000000000002,0.08636002295787382,0.08283267942605364,5,1694.8243274430558,train,0.019955994023281,0.020156446058146704,2.7291848942058707,0.0025
2022-01-07,-0.11275553939325286,1.0,0.0,0.6000000000000001,0.0015000000000000002,-0.11408640608416298,-0.12113585692983449,5,1501.467910981069,validation,-0.0214655290926825,-0.021236784256254526,2.6712257834121917,0.0025
2022-01-14,-0.05273079254235617,1.0,0.0,0.8,0.002,-0.0546253309572714,-0.056173954886418756,5,1419.4497294220052,validation,-0.0155817912837434,-0.01546102324835208,2.6299258994732577,0.0025
2022-01-21,-0.1008290287226108,1.0,0.0,0.8,0.002,-0.10262737066516558,-0.10828408586657032,5,1273.7753359000442,validation,0.004112680898918,0.004121149576682637,2.6407642174805783,0.0025
2022-01-28,0.14516567151544293,1.0,0.0,0.8,0.002,0.1428753401724121,0.13354731514861914,5,1455.7664203199915,validation,0.0152653207395374,0.015382430897387334,2.6813855905722668,0.0025
2022-02-11,0.02000233102422111,1.0,0.0,0.8,0.002,0.017962326362172876,0.017802909940759337,5,1481.9153718688713,validation,0.0020821214553373,0.0020842905754105967,2.686974377287738,0.0025
2022-02-18,0.07116085357304254,1.0,0.0,1.0,0.0025,0.0684829514391101,0.06623984004763019,5,1583.401310317438,validation,-0.0039617460839131,-0.003953908721192834,2.6763503258637584,0.0025
2022-02-25,0.01017433154612888,1.0,0.0,1.0,0.0025,0.007648895717263571,0.007619791231652383,5,1595.5125818186345,validation,0.004287309094858,0.004296512752770321,2.687849299169713,0.0025
2022-03-04,0.017705964786896383,1.0,0.0,1.0,0.0025,0.015161699874929324,0.015047910026830136,5,1619.7032647308422,validation,-0.0261062583776842,-0.02576843615685598,2.618587626104808,0.0025
2022-03-11,-0.018036675688915073,1.0,0.0,1.0,0.0025,-0.020491583999692753,-0.0207044494952938,5,1586.5129792270336,validation,0.0017440835040556,0.0017456053022759654,2.6231586465494114,0.0025
2022-03-18,0.031518340132987134,1.0,0.0,1.0,0.0025,0.02893954428265455,0.028528703214051036,5,1632.4259418443805,validation,0.0198146393803366,0.020012252399428387,2.675653959467901,0.0025
2022-03-25,-0.017169010836838524,1.0,0.0,0.6000000000000001,0.0015000000000000002,-0.01864325732058325,-0.01881923345343928,5,1601.9922049537802,validation,0.0119008748018717,0.011971971971971973,2.707686813677346,0.0025
2022-04-01,-0.058294689105617505,1.0,0.0,0.8,0.002,-0.06017809972740629,-0.06206488946449073,5,1505.587358281544,validation,-0.0229729557025575,-0.022711086492047228,2.6461923042585447,0.0025
2022-04-08,0.04379593126594623,1.0,0.0,1.0,0.0025,0.041186441437781385,0.040360871999875696,5,1567.597143842871,validation,-0.0159428792387675,-0.015816464237516925,2.6043388983126468,0.0025
2022-04-15,-0.0891382098666349,1.0,0.0,0.8,0.002,-0.09095993344690168,-0.09536610815987802,5,1425.0086119673704,validation,-0.0559242752042624,-0.054389260640631765,2.4626908311757845,0.0025
2022-04-22,0.010407043517167815,1.0,0.0,1.0,0.0025,0.007881025908375028,0.007850132830303103,5,1436.2391417579427,validation,-0.0090531311718654,-0.009012274965016664,2.4404963842514027,0.0025
2022-04-29,-0.05253459605542361,1.0,0.0,0.8,0.002,-0.054429526863312816,-0.05596685835009859,5,1358.0653248094873,validation,-0.0278498448456789,-0.027465613110916,2.373466654762964,0.0025
2022-05-06,-0.19680349275901834,1.0,0.0,0.8,0.002,-0.19840988577350027,-0.22115788127935504,5,1088.6117388410853,validation,-0.1167632512829283,-0.11020417375080871,2.111900723149716,0.0025
2022-05-13,0.059538462388100885,1.0,0.0,1.0,0.0025,0.056889616232130624,0.05533027024474694,5,1150.5424428895471,validation,0.0478246512699631,0.04898670071104272,2.215355771806085,0.0025
2022-05-20,0.17296247847020546,1.0,0.0,0.8,0.002,0.1706165535132651,0.15753057882511518,5,1346.8440291660943,validation,0.035425055195556,0.0360599979044256,2.2952414962949703,0.0025
2022-05-27,0.03390144375797933,1.0,0.0,0.8,0.002,0.031833640870463364,0.03133745335822522,5,1389.7189782990956,validation,0.0019662480153795,0.00196818234859375,2.2997589500937377,0.0025
2022-06-03,-0.005774859586602712,1.0,0.0,1.0,0.0025,-0.008260422437636139,-0.008294728780943754,5,1378.239312468745,validation,-0.0030325909884662,-0.0030279973291510442,2.2927952861351626,0.0025
2022-06-10,-0.026751075871038157,1.0,0.0,1.0,0.0025,-0.029184198181360532,-0.029618528151902426,5,1338.0165032323152,validation,-0.0534072171894116,-0.05200610553859564,2.1735559325060225,0.0025
2022-06-17,-0.06080765594667087,1.0,0.0,1.0,0.0025,-0.06315563680680414,-0.06523811172126488,5,1253.513218912665,validation,-0.0264875355711676,-0.026139817629179163,2.1167395768234942,0.0025
2022-06-24,-0.007957202609417747,1.0,0.0,1.0,0.0025,-0.01043730960289424,-0.010492160315166161,5,1240.429913355553,validation,0.0112567138692251,0.011320309073118207,2.1407017230604377,0.0025
2022-07-01,-0.011944830976533607,1.0,0.0,1.0,0.0025,-0.014414968899092218,-0.014519873918754488,5,1222.5491547330291,validation,-0.0232816891518125,-0.023012761698223527,2.0914382644406717,0.0025
2022-07-08,0.02732120033309471,1.0,0.0,1.0,0.0025,0.024752897332261936,0.024451507753533164,5,1252.8107884437793,validation,0.0067558626025755,0.006778734920729779,2.1056155700383856,0.0025
2022-07-15,0.015413462059037219,1.0,0.0,1.0,0.0025,0.012874928403889596,0.01279275111272199,5,1268.9406376486133,validation,0.0130666852107413,0.013152427390290322,2.1333095259351804,0.0025
2022-07-22,-0.024137872959638006,1.0,0.0,1.0,0.0025,-0.026577528277238804,-0.026937096044077267,5,1235.2153319693698,validation,0.0096373643224499,0.00968395326257987,2.153968395678953,0.0025
2022-07-29,0.057146525598689275,1.0,0.0,1.0,0.0025,0.05450365928469281,0.05307019109159377,5,1302.539087566257,validation,0.0377504596717766,0.03847205988411129,2.236835996785997,0.0025
2022-08-05,0.01025671242808075,1.0,0.0,0.8,0.002,0.008236199003224698,0.008202466607461803,5,1313.2670587009313,validation,0.0076260672482373,0.007655219758289755,2.253959467904646,0.0025
2022-08-12,0.012084438609914684,1.0,0.0,0.6000000000000001,0.0015000000000000002,0.010566311951999863,0.01051087861987944,5,1327.1434481194508,validation,0.0054118030095374,0.005426473267687637,2.266190518703683,0.0025
2022-08-19,0.031603018294413324,1.0,0.0,1.0,0.0025,0.029024010748677442,0.028610790640588614,5,1365.6624738227065,validation,0.0104948548250138,0.010550118974455902,2.29009909829479,0.0025
2022-08-26,0.004395312336236579,1.0,0.0,1.0,0.0025,0.0018843240553960694,0.0018825509438849003,5,1368.2358244736822,validation,-0.0016074413936075,-0.0016061501516484444,2.2864208552807743,0.0025
2022-08-31,-0.0050669902424206326,1.0,0.0,0.8,0.002,-0.007056856261935751,-0.007081873637577879,5,1358.5803809279403,validation,-0.0250913613603051,-0.024779189541667024,2.229765199535752,0.0025
2022-09-09,0.025097680032631554,1.0,0.0,0.8,0.002,0.02304748467256612,0.022785902971982398,5,1389.892241433826,validation,-0.0118818383452497,-0.011811528051378195,2.2034282653334483,0.0025
2022-09-16,-0.010373985659006895,1.0,0.0,1.0,0.0025,-0.012848050694859392,-0.012931300734073182,5,1372.0348354554924,validation,-0.0252340750060075,-0.024918356928113616,2.148522453352375,0.0025
2022-09-23,-0.0743900299822633,1.0,0.0,0.8,0.002,-0.07624124992229875,-0.07930433442066231,5,1267.42918466343,validation,-0.0609680131599576,-0.05914666578020089,2.021444513882685,0.0025
2022-09-30,-0.10354678959772559,1.0,0.0,0.8,0.002,-0.1053396960185301,-0.11131118137814743,5,1133.918579625971,validation,-0.0888028807280861,-0.0849740749573803,1.8496741362378324,0.0025
2022-10-07,-0.01469917305323123,1.0,0.0,1.0,0.0025,-0.017162425120598068,-0.017311406587931618,5,1114.4577869102854,validation,0.0247324024293936,0.025040785396414522,1.8959914293366624,0.0025
2022-10-14,-0.05620220917692094,1.0,0.0,1.0,0.0025,-0.058561703653978614,-0.06034647063641351,5,1049.1932402583764,validation,-0.0403865287709927,-0.03958186184489321,1.820944558521557,0.0025
2022-10-21,-0.012766242464229905,1.0,0.0,1.0,0.0025,-0.015234326858069247,-0.015351561399000626,5,1033.2094874990034,validation,0.0073662639284229,0.007393461591260975,1.834407642174802,0.0025
2022-10-28,-0.03591622609851566,1.0,0.0,0.8,0.002,-0.03784439364631864,-0.038579088430626365,5,994.10830093498,validation,-0.0298464740465075,-0.029405466438249372,1.7804660298187625,0.0025
2022-11-04,-0.19410607966101512,1.0,0.0,1.0,0.0025,-0.19612081446186258,-0.2183062878379591,5,799.1429712923133,validation,-0.043682137259244,-0.042741814170385584,1.7043656816355646,0.0025
2022-11-11,0.01158917494728362,1.0,0.0,1.0,0.0025,0.00906020200991553,0.009019404616278407,5,806.3833680470258,validation,0.015386038449855,0.015505012938304752,1.7307918935809268,0.0025
2022-11-18,-0.10389829707514085,1.0,0.0,1.0,0.0025,-0.10613855133245298,-0.11220449493820243,5,720.7950055439302,validation,0.0021949833368744,0.002197394076320691,1.7345951254352254,0.0025
2022-11-25,0.2173622333237999,1.0,0.0,1.0,0.0025,0.21431882774049038,0.19418328397307366,5,875.2749461733056,validation,0.1059254848079417,0.1117390319724949,1.928417105615566,0.0025
2022-12-02,0.0350059220099946,1.0,0.0,1.0,0.0025,0.03241840720496958,0.03190401823163174,5,903.6499657946596,validation,-0.0264578107136767,-0.026110869343802467,1.878064458530484,0.0025
2022-12-09,0.036268105733009516,1.0,0.0,1.0,0.0025,0.03367743546867685,0.03312276945657004,5,934.0825792039813,validation,0.0006367943797107,0.0006369971762960613,1.87926078028747,0.0025
2022-12-16,-0.0962885659425099,1.0,0.0,1.0,0.0025,-0.09854784452765353,-0.1037483098798677,5,842.0307544125977,validation,-0.0310133789322549,-0.03053739738522332,1.8218730470493665,0.0025
2022-12-23,0.07218373775900702,1.0,0.0,1.0,0.0025,0.06950327841460968,0.06719431490692908,5,900.5546523702003,validation,-0.0130709209641821,-0.012985867455945987,1.798214445138823,0.0025
2022-12-30,0.05713410805793373,1.0,0.0,0.8,0.002,0.0550198398418178,0.05355957228847597,5,950.1030251124126,validation,0.0430956690694978,0.044037772195136604,1.87740380323185,0.0025
2023-01-06,0.019062828138002353,1.0,0.0,1.0,0.0025,0.01651517106765743,0.016380278783210574,5,965.794139104043,validation,0.0082686194317769,0.008302898881533904,1.8929916971698917,0.0025
2023-01-13,0.0409335767767578,1.0,0.0,1.0,0.0025,0.038331242834815926,0.037614850248075475,5,1002.8142287784821,validation,0.0441995152613133,0.045190865615891695,1.9785376305686948,0.0025
2023-01-19,0.0044440995192784,1.0,0.0,0.6000000000000001,0.0015000000000000002,0.0029374333699996313,0.002933127542591292,5,1005.7599287580064,validation,0.0081072537099593,0.008140206483286283,1.994643335416476,0.0025
2023-01-27,-0.04601250716675973,1.0,0.0,1.0,0.0025,-0.0483974758988428,-0.04960784807560258,5,957.0836868459189,validation,-0.0364173773523662,-0.03576224151821661,1.9233104187126109,0.0025
2023-02-03,-0.054573622207788594,1.0,0.0,1.0,0.0025,-0.056937188152269114,-0.058622390032750375,5,902.5900328905054,validation,-0.0204935775473918,-0.020285011372603745,1.8842960449959785,0.0025
2023-02-10,0.017036906210991586,1.0,0.0,1.0,0.0025,0.014494313945464299,0.014390275482874504,5,915.6724561912673,validation,0.0037926660772035,0.0037998673363024427,1.8914561199892823,0.0025
2023-02-17,-0.0025223984312599426,1.0,0.0,1.0,0.0025,-0.0050160924351816405,-0.005028715256023627,5,911.0793585106621,validation,-0.0188202060641989,-0.018644211798246046,1.8561914114811136,0.0025
2023-02-24,-0.04243423285639576,1.0,0.0,1.0,0.0025,-0.04482814727425477,-0.04586400419239302,5,870.2373588488126,validation,-0.0143293495407005,-0.0142271730347453,1.8297830550843637,0.0025
2023-03-03,0.021032901326922638,1.0,0.0,0.8,0.002,0.018990835524268723,0.018812760602764086,5,886.7638933977844,validation,0.0271750359846268,0.02754764483737815,1.88018926881528,0.0025
2023-03-10,-0.03105800747402141,1.0,0.0,1.0,0.0025,-0.033480362455336365,-0.0340536623356485,5,857.0747168345213,validation,-0.00749238541655,-0.007464387464387268,1.86615480760646,0.0025
2023-03-17,0.01962899612799909,1.0,0.0,1.0,0.0025,0.017079923637679295,0.016935701626244415,5,871.7134875498405,validation,0.0015774909697413,0.0015787358631378368,1.869100973127395,0.0025
2023-03-24,-0.0012178782000414447,1.0,0.0,1.0,0.0025,-0.0037148335045413816,-0.0037217506344956798,5,868.4752170799297,validation,0.0169083751429452,0.01705213079987411,1.9009731273993355,0.0025
2023-03-31,0.09061871634138563,1.0,0.0,0.8,0.002,0.0884374789087028,0.08474316220059162,5,945.2809757731671,validation,0.0047508698537205,0.004762173128944891,1.910025890545483,0.0025
2023-04-07,-0.0572886810861839,1.0,0.0,0.8,0.002,-0.05917410372401155,-0.060997176413043405,5,889.344821264431,validation,-0.0158488194443386,-0.015723887782669865,1.8799928577805516,0.0025
2023-04-14,0.008917312269756826,1.0,0.0,1.0,0.0025,0.006395018989082457,0.0063746576166185875,5,895.0321982842592,validation,-0.0095238815112554,-0.009478672985781977,1.862173020266044,0.0025
2023-04-21,0.02653919846257038,1.0,0.0,1.0,0.0025,0.023972850466414064,0.02369001304944199,5,916.4886713363536,validation,0.0059368347870707,0.005954492717492155,1.8732613159539284,0.0025
2023-04-28,0.010244445215747012,1.0,0.0,1.0,0.0025,0.0077188341027076834,0.007689196317818404,5,923.56289534741,validation,-0.0084329718729139,-0.008397514107061022,1.8575305776269933,0.0025
2023-05-05,0.06809508292624296,1.0,0.0,1.0,0.0025,0.06542484521892744,0.06337363531419858,5,983.9868548254587,validation,0.0252385015550203,0.02555968893887406,1.9050084813855863,0.0025
2023-05-12,0.016278339041355564,1.0,0.0,0.8,0.002,0.014245782363272896,0.014145264715958734,5,998.0045174076237,validation,0.0001593274510509,0.0001593401443433784,1.905312025711986,0.0025
2023-05-19,0.03269406231695218,1.0,0.0,0.6000000000000001,0.0015000000000000002,0.031145021223476954,0.030669855883549303,5,1029.08738928341,validation,-0.003106773100016,-0.0031019520743718054,1.899401839121503,0.0025
2023-05-26,0.15215449690536675,1.0,0.0,0.8,0.002,0.1498501879115559,0.13963166250784959,5,1183.2963279449414,validation,0.0251382400843428,0.025456869970670093,1.947754664762071,0.0025
2023-06-02,0.06700729058590676,1.0,0.0,1.0,0.0025,0.0643397723594421,0.0623546748671955,5,1259.4293443186828,validation,0.0151842689557407,0.015300135675259563,1.9775555753950504,0.0025
2023-06-09,-0.013833041515735075,1.0,0.0,0.8,0.002,-0.01580537543270355,-0.015931612293180554,5,1239.5235907007623,validation,0.0069193842597827,0.006943378508934339,1.991286492277472,0.0025
2023-06-16,0.042030740460081706,1.0,0.0,1.0,0.0025,0.03942566360893163,0.03866831407912903,5,1288.3926308230655,validation,0.0126171147158251,0.012697046322698746,2.016569949111683,0.0025
2023-06-23,-0.042843104699807816,1.0,0.0,0.8,0.002,-0.04475741849040815,-0.045789958705077335,5,1230.7275026653597,validation,-0.0081794229024444,-0.00814606244133953,2.0001428443888902,0.0025
2023-06-30,0.024523242566815776,1.0,0.0,1.0,0.0025,0.021961934460398735,0.021724244963004093,5,1257.7566594175066,validation,0.0158444585563788,0.015970647574496732,2.032086420855277,0.0025
2023-07-07,0.062445108407156,1.0,0.0,0.6000000000000001,0.0015000000000000002,0.06085144074454529,0.05907183167998785,5,1334.2929642491083,validation,0.0263014462955097,0.0266503817867092,2.086242299794657,0.0025
2023-07-14,0.03802736048509417,1.0,0.0,0.6000000000000001,0.0015000000000000002,0.03647031944436674,0.035821017118879916,5,1382.9550548876443,validation,0.0148666884571637,0.01497774734679913,2.117489509865187,0.0025
2023-07-21,0.04196165539182395,1.0,0.0,0.6000000000000001,0.0015000000000000002,0.04039871290873642,0.039604017479653045,5,1438.824659115736,validation,0.0181909033959363,0.018357365713803864,2.1563610391929253,0.0025
2023-07-28,0.04918860815200295,1.0,0.0,0.6000000000000001,0.0015000000000000002,0.047614825239775005,0.04651598517382852,5,1507.3340438102107,validation,0.0150476407827058,0.015161426548643053,2.189054548701005,0.0025
2023-08-04,0.08543434278248284,1.0,0.0,0.8,0.002,0.08326347409691781,0.07997822014526153,5,1632.8399129224044,validation,0.0050687809638025,0.005081648966541064,2.2001785554861137,0.0025
2023-08-11,-0.06289198093575718,1.0,0.0,0.8,0.002,-0.06476619697388575,-0.0669587242399972,5,1527.0870814952495,validation,-0.04499970890204,-0.04400223987794283,2.103365770913308,0.0025
2023-08-18,0.04701994434983206,1.0,0.0,0.6000000000000001,0.0015000000000000002,0.0454494144333073,0.04444685462543166,5,1596.492295137877,validation,0.0045567040256369,0.00456710158829865,2.112972056066419,0.0025
2023-08-25,0.06151725253937617,1.0,0.0,0.8,0.002,0.05939421803429745,0.05769725233946451,5,1691.3147066053718,validation,0.0337987326743577,0.034376399604519436,2.185608427818941,0.0025
2023-08-31,0.031462997863534306,1.0,0.0,0.4,0.001,0.03043153486567074,0.02997768038884338,5,1742.7840090682548,validation,0.014139183362407,0.014239614394836897,2.2167306490491883,0.0025
2023-09-08,-0.07823306147182252,1.0,0.0,0.6000000000000001,0.0015000000000000002,-0.07961571187961469,-0.08296399167460146,5,1604.0310195338768,validation,-0.0114386950625697,-0.01137352192544383,2.191518614409424,0.0025
2023-09-15,-0.053787189471450156,1.0,0.0,0.8,0.002,-0.055679615092507184,-0.05728977962482783,5,1514.7191897697887,validation,-0.0283524678429522,-0.027954308434363195,2.1302562271225747,0.0025
2023-09-22,-0.02229401502838651,1.0,0.0,1.0,0.0025,-0.02473827999081546,-0.025049413226734558,5,1477.2476423458027,validation,-0.0331489110780265,-0.032605506894094693,2.060798143022941,0.0025
2023-09-29,-0.003958265763950419,1.0,0.0,1.0,0.0025,-0.006448370099540468,-0.006469250650091718,5,1467.7218028192833,validation,-0.0224393803792391,-0.02218949010094018,2.0150700830282977,0.0025
2023-10-06,0.03776538639566449,1.0,0.0,1.0,0.0025,0.03517097292967519,0.03456660431116366,5,1519.3430066145345,validation,0.0229417884837745,0.02320697538412464,2.061833764842421,0.0025
2023-10-13,-0.06561296446375083,1.0,0.0,1.0,0.0025,-0.06794893205259145,-0.07036767186269097,5,1416.1052718935034,validation,-0.0412828866415824,-0.04044235448979416,1.9784483528256376,0.0025
2023-10-20,-0.0075294509274760335,1.0,0.0,1.0,0.0025,-0.010010627300157338,-0.010061070557741745,5,1401.9291697987896,validation,-0.0437300209771135,-0.042787650153876644,1.8937951968574205,0.0025
2023-10-27,0.04230173090129652,1.0,0.0,0.8,0.002,0.040217127439494016,0.03942946774665375,5,1458.3107338817317,validation,0.015121463390863,0.015236371179121688,1.9226497634139776,0.0025
2023-11-03,0.04239520385152407,1.0,0.0,1.0,0.0025,0.03978921584189532,0.039018015536406644,5,1516.3357744367047,validation,0.0228611812521606,0.023124500826538386,1.967110079457188,0.0025
2023-11-10,-0.009732135054547265,1.0,0.0,1.0,0.0025,-0.012207804716910853,-0.012282932017284974,5,1497.8246434171156,validation,-0.0004448741941934,-0.000444775252341878,1.9662351575752133,0.0025
2023-11-17,-0.030736405859463533,1.0,0.0,0.8,0.002,-0.0326749330477446,-0.03322067977785562,5,1448.8833234761994,validation,-0.0050801274586427,-0.0050672454344846685,1.956271761449867,0.0025
2023-11-24,0.025880218476001436,1.0,0.0,1.0,0.0025,0.023315517929811458,0.023047863590345077,5,1482.6647885829136,validation,0.0059606049703093,0.005978404724308994,1.9679671457905512,0.0025
2023-12-01,0.01947248391897847,1.0,0.0,1.0,0.0025,0.016923802709180924,0.01678219066971794,5,1507.7571149487403,validation,0.0200132431919121,0.020214850838353726,2.007749308097488,0.0025
2023-12-08,0.002863477767256418,1.0,0.0,1.0,0.0025,0.0003563190728383958,0.00035625560627334575,5,1508.2943575660042,validation,-0.019886227958986,-0.01968980114545904,1.9682171234711152,0.0025
2023-12-15,-0.0151659934858702,1.0,0.0,0.8,0.002,-0.017135661498898447,-0.017284175987483916,5,1482.4487360140547,validation,0.0006892299035856,0.0006894674770934195,1.969574145165607,0.0025
2023-12-22,0.015840284823199813,1.0,0.0,1.0,0.0025,0.013300684111141825,0.013213006603794628,5,1502.166318362739,validation,0.0240675480120874,0.024359509002230162,2.0175520042853283,0.0025
2023-12-29,-4.4788219170489516e-05,1.0,0.0,1.0,0.0025,-0.002544676248622535,-0.002547919440311229,5,1498.3437914109206,validation,0.0216675654067142,0.021904011752940544,2.061744487099363,0.0025
2024-01-05,-0.011992122078415669,1.0,0.0,0.8,0.002,-0.013968137834258876,-0.014066610331888931,5,1477.4147188093868,test,1.732066615330312e-05,1.732081615690717e-05,2.0617801981965864,0.0025
2024-01-12,0.007770867547340244,1.0,0.0,1.0,0.0025,0.005251440378472028,0.0052376996501979555,5,1485.1732741194915,test,0.0229442476691523,0.02320949164285091,2.109633068476026,0.0025
2024-01-19,0.039669599577509956,1.0,0.0,0.6000000000000001,0.0015000000000000002,0.0381100951781439,0.03740184383806073,5,1541.7733689522208,test,-0.0049466197922712,-0.00493440541684298,2.0992232836353866,0.0025
2024-01-26,-0.028476989155735113,1.0,0.0,0.8,0.002,-0.030420035177423643,-0.0308923272236293,5,1494.8725688330794,test,-0.0026573335002423,-0.0026538059149252557,2.0936523524685264,0.0025
2024-02-02,-0.01169452470968366,1.0,0.0,0.8,0.002,-0.013671135660264344,-0.013765446176419682,5,1474.4359631497546,test,0.0219149415158237,0.02215683766150689,2.140041067761804,0.0025
2024-02-07,0.028745483788910463,1.0,0.0,0.6000000000000001,0.0015000000000000002,0.027202365563227193,0.026838956874610437,5,1514.5441092189233,test,0.0092765891155297,0.009319750027116713,2.1599857155611075,0.0025
2024-02-16,0.016658786505259336,1.0,0.0,1.0,0.0025,0.014117139538996293,0.014018420724619708,5,1535.9251397467317,test,0.0018994926634571,0.0019012978424401972,2.164092491741805,0.0025
2024-02-23,0.006636308868641572,1.0,0.0,0.8,0.002,0.004623036250904322,0.004612382840266455,5,1543.0257773464562,test,0.0374738213815636,0.03818481848184807,2.246727970716897,0.0025
2024-03-01,0.022660831415814448,1.0,0.0,0.8,0.002,0.020615509752982986,0.020405886233208884,5,1574.8360403084462,test,-0.0087244080955779,-0.008686460883110314,2.227211856084274,0.0025
2024-03-08,0.0037000659147945485,1.0,0.0,0.8,0.002,0.0016926657829650082,0.0016912348387512408,5,1577.5017113876563,test,0.0130859290100764,0.013171924479897346,2.256548522453348,0.0025
2024-03-15,0.016437303604992515,1.0,0.0,1.0,0.0025,0.013896210345980098,0.013800543269421798,5,1599.4230069902428,test,0.0141581101448042,0.014258810868980287,2.2887242210516874,0.0025
2024-03-22,0.03538146203245183,1.0,0.0,0.8,0.002,0.03331069910838691,0.032767918494434986,5,1652.7009055231263,test,0.0017849561812923,0.0017865501638321124,2.292813141683774,0.0025
2024-03-29,-0.02630789056524836,1.0,0.0,1.0,0.0025,-0.028742120838835206,-0.02916326494073747,5,1605.1987763861282,test,-0.0228270781241284,-0.022568511552928383,2.241067761806977,0.0025
2024-04-05,-0.003996985331016913,1.0,0.0,0.8,0.002,-0.005988991360354912,-0.006006997296705169,5,1595.5852547826994,test,0.0169770756946667,0.01712200524256846,2.279439335773588,0.0025
2024-04-12,0.02789855629660161,1.0,0.0,0.8,0.002,0.025842759184008468,0.025514478847715957,5,1636.8195802796035,test,-0.0830598139673427,-0.07970390098699676,2.097759128649224,0.0025
2024-04-19,0.03593486438273653,1.0,0.0,1.0,0.0025,0.0333450272217799,0.032801139425196496,5,1691.3993737411693,test,0.0290831068173315,0.029510150231944587,2.159664315686096,0.0025
2024-04-26,-0.005001804339121674,1.0,0.0,1.0,0.0025,-0.007489299828273843,-0.0075174854494594445,5,1678.731976701867,test,0.0094711781614908,0.009516171704477827,2.1802160521381984,0.0025
2024-05-03,0.10655726652854032,1.0,0.0,0.8,0.002,0.1043441519954833,0.09925163115658317,5,1853.897841238525,test,0.0191997721734953,0.01938527308911331,2.222480135702166,0.0025
2024-05-10,0.03785384147107555,1.0,0.0,0.8,0.002,0.03577813378813355,0.035152964327336826,5,1920.2268462318889,test,0.0225681888723289,0.022824777054711864,2.2732077493080936,0.0025
2024-05-17,-0.02254207178002539,1.0,0.0,0.8,0.002,-0.02449698763646535,-0.024802030903713804,5,1873.1870729205375,test,-0.0088204308283675,-0.008781644948197442,2.2532452459601786,0.0025
2024-05-24,0.036813360425600905,1.0,0.0,1.0,0.0025,0.03422132702453706,0.033648802527692125,5,1937.2900203210866,test,-0.0001664256140786,-0.00016641176610432407,2.252870279439332,0.0025
2024-05-31,0.008498794776675811,1.0,0.0,1.0,0.0025,0.005977547789734361,0.005959753128027628,5,1948.8702640001313,test,0.0202886180930501,0.02049583108772146,2.2990447281492683,0.0025
2024-06-07,-0.019405699984800063,1.0,0.0,1.0,0.0025,-0.02185718573483797,-0.02209959275220932,5,1906.2734446667778,test,-0.0059747245882415,-0.005956911415212818,2.285349522364071,0.0025
2024-06-14,-0.01167460897879933,1.0,0.0,1.0,0.0025,-0.014145422456352308,-0.014246422535067558,5,1879.3084014746403,test,0.0016471960413286,0.0016485534139119018,2.2891170431211463,0.0025
2024-06-21,-0.04319150314092628,1.0,0.0,0.8,0.002,-0.045105120134644405,-0.046154017999350656,5,1794.54197025608,test,-0.0290444339977604,-0.02862669849144317,2.223587179716093,0.0025
2024-06-28,0.00035288382457008497,1.0,0.0,1.0,0.0025,-0.0021479983849912454,-0.0021503086424011935,5,1790.687297002171,test,0.0298397370735271,0.030289403526804426,2.2909383090795425,0.0025
2024-07-05,-0.01573562765590757,1.0,0.0,1.0,0.0025,-0.018196288586767695,-0.018363877152219,5,1758.1034341772604,test,-0.0017864182394069,-0.0017848235440828253,2.286849388447456,0.0025
2024-07-12,-0.06163260289793597,1.0,0.0,1.0,0.0025,-0.06397852139069105,-0.06611685553566102,5,1645.6225760067032,test,-0.0125476498257963,-0.012469256295139619,2.258334077314521,0.0025
2024-07-19,-0.013985460623863855,1.0,0.0,1.0,0.0025,-0.016450496972304163,-0.016587308888756334,5,1618.5512668025494,test,-0.0180866475942039,-0.01792406584544337,2.2178555486117277,0.0025
2024-07-26,-0.03934221774707247,1.0,0.0,0.8,0.002,-0.04126353331157828,-0.04213904197951799,5,1551.7641226883452,test,-0.004445868274843,-0.004436000032203236,2.208017141326663,0.0025
2024-08-02,-0.017120997756813396,1.0,0.0,0.8,0.002,-0.019086755761299812,-0.019271259373648843,5,1522.1459798794451,test,-0.0105356549603335,-0.01048034934497799,2.1848763503258604,0.0025
2024-08-09,0.028361442616660053,1.0,0.0,0.8,0.002,0.026304719731426784,0.02596470044238003,5,1562.1856032704918,test,0.0230959386943027,0.02336471511228777,2.2359253638067997,0.0025
2024-08-16,0.006186711793932109,1.0,0.0,1.0,0.0025,0.0036712450144471553,0.0036645224429166863,5,1567.9207693781398,test,0.0260817527061009,0.026424858053232914,2.295009374163017,0.0025
2024-08-23,-0.02734786827234255,1.0,0.0,1.0,0.0025,-0.029779498601661736,-0.030231912289004077,5,1521.228875018927,test,-0.0011287605462841,-0.001128123735723463,2.292420319614316,0.0025
2024-08-30,-0.0029138406020740256,1.0,0.0,1.0,0.0025,-0.0054065560005687185,-0.0054212243184062455,5,1513.004265916455,test,-0.0077487945533016,-0.007718850039334035,2.2747254709400906,0.0025
2024-09-06,-0.013233203427669517,1.0,0.0,0.8,0.002,-0.01520673702081421,-0.01532354513936924,5,1489.9964079332935,test,-0.0176195430281111,-0.017465226537724754,2.234996875278989,0.0025
2024-09-13,-0.015731476576822546,1.0,0.0,0.8,0.002,-0.01770001362366891,-0.01785853217046616,5,1463.6234512136566,test,0.0161112945096742,0.016241781243259146,2.271297205606638,0.0025
2024-09-20,-0.002194749892088254,1.0,0.0,0.6000000000000001,0.0015000000000000002,-0.003691457767249995,-0.003698288011693986,5,1458.2205470563447,test,0.014733231512984,0.014842300556586308,2.3050084813855864,0.0025
2024-09-27,-0.006736831958533231,1.0,0.0,1.0,0.0025,-0.009219989878636814,-0.009262757063634575,5,1444.775768371665,test,-0.0158659126270671,-0.015740712050320793,2.2687260066065487,0.0025
2024-10-04,-0.0113411153705695,1.0,0.0,1.0,0.0025,-0.013812762582143034,-0.013909046446142062,5,1424.819423698714,test,0.0139041470297585,0.014001259247599762,2.3004910275868187,0.0025
2024-10-11,0.013543235943139664,1.0,0.0,0.8,0.002,0.011516149471253234,0.011450343362029368,5,1441.2278571515733,test,-0.0022767459375297,-0.0022741561173247327,2.295259351843581,0.0025
2024-10-18,0.01682175887333217,1.0,0.0,0.4,0.001,0.01580493711445885,0.015681339694577287,5,1464.0063728014602,test,-0.025799443687474,-0.025469481741944522,2.2368002856887736,0.0025
2024-10-25,-0.017802755738605146,1.0,0.0,0.8,0.002,-0.01976715022712794,-0.019965133731305713,5,1435.067138896821,test,0.0017307320848731,0.0017322306660707554,2.24067493973752,0.0025
2024-11-01,0.018111426740555436,1.0,0.0,0.8,0.002,0.016075203887074396,0.015947365990868788,5,1458.1361357462279,test,-0.001858462318793,-0.001856736447019225,2.2365145969109865,0.0025
2024-11-08,-0.017762722456728833,1.0,0.0,0.6000000000000001,0.0015000000000000002,-0.01923607837304364,-0.01942349911485656,5,1430.0873147604464,test,-0.0275114169064857,-0.027136424602414277,2.1758235871797127,0.0025
2024-11-15,-0.0013785191687158095,1.0,0.0,1.0,0.0025,-0.0038750728707939164,-0.0038826004184942206,5,1424.5456222041516,test,0.0077902195195566,0.00782064222818546,2.192839925006692,0.0025
2024-11-22,0.015127089766922522,1.0,0.0,0.8,0.002,0.013096835587388611,0.013011813577787405,5,1443.2026620048937,test,0.0180432239846158,0.018206986401758884,2.232764931702523,0.0025
2024-11-29,0.06295922246042879,1.0,0.0,0.8,0.002,0.060833304015507794,0.05905473514471537,5,1530.9974482986274,test,0.0156156469965895,0.01573820833933115,2.2679046513704098,0.0025
2024-12-06,-0.005376663176929686,1.0,0.0,0.8,0.002,-0.007365909850575836,-0.007393172121324876,5,1519.720259112998,test,-0.0059778044405218,-0.005959972916371403,2.2543880010713293,0.0025
2024-12-13,0.010017505342308077,1.0,0.0,1.0,0.0025,0.007492461578952447,0.007464532506939138,5,1531.106704765158,test,-0.0040237031831276,-0.004015618935979681,2.2453352379251816,0.0025
2024-12-20,0.00520886265582301,1.0,0.0,1.0,0.0025,0.0026958404991836993,0.0026922132387331797,5,1535.2343242284355,test,0.0139303535121915,0.014027833001988066,2.276832425676275,0.0025
2024-12-27,0.009098782973924257,1.0,0.0,0.8,0.002,0.007080585407976292,0.007055635765934027,5,1546.1046819823916,test,-0.016247150523151,-0.016115877472277718,2.2401392732791674,0.0025
2025-01-03,-0.056277614643330295,1.0,0.0,1.0,0.0025,-0.058636920606721876,-0.060426369614343396,5,1455.4458644953093,test,-0.0194044888193801,-0.01921743358387995,2.197089545576284,0.0025
2025-01-10,0.052474134778765086,1.0,0.0,1.0,0.0025,0.04984294944181822,0.04864058102225772,5,1527.9895791346523,test,0.0150269605604128,0.015140433001755271,2.2303544326399387,0.0025
2025-01-17,0.013656230831768281,1.0,0.0,1.0,0.0025,0.01112209025468891,0.011060694621280332,5,1544.9840171420121,test,0.0126803493682328,0.012761085893155943,2.258816177127038,0.0025
2025-01-24,0.04384637481039473,1.0,0.0,0.4,0.001,0.04280252843558441,0.04191182773440094,5,1611.1132394682566,test,0.00799138196375,0.008023398284652927,2.2769395589679453,0.0025
2025-02-07,-0.011759182672391556,1.0,0.0,0.8,0.002,-0.013735664307046758,-0.013830871370833168,5,1588.983528850282,test,0.0006898498282421,0.0006900878293600865,2.278510847245778,0.0025
2025-02-14,0.03903434015194024,1.0,0.0,0.8,0.002,0.03695627147163627,0.03628976005706383,5,1647.7064355064317,test,0.0160682553673168,0.016198044009779977,2.3154182662262257,0.0025
2025-02-21,0.05280041355464695,1.0,0.0,1.0,0.0025,0.05016841252076043,0.048950544184784464,5,1730.3692516760302,test,0.0066177305513053,0.006639676113360249,2.3307918935809258,0.0025
2025-02-28,-0.015456898543326925,1.0,0.0,1.0,0.0025,-0.017918256296968527,-0.018080732031985677,5,1699.3640519361054,test,0.0157257336427355,0.015850033707176525,2.367735023658597,0.0025
2025-03-07,0.0036978289831079113,1.0,0.0,1.0,0.0025,0.001188584410650284,0.0011878786034186183,5,1701.3838895562562,test,7.540909437254063e-05,7.54119377097684e-05,2.3679135791447146,0.0025
2025-03-14,0.01760388600692797,1.0,0.0,0.8,0.002,0.015568678234914257,0.015448729721872449,5,1727.8721878868246,test,-0.0032250417865237,-0.003219846925309966,2.3602892598875056,0.0025
2025-03-21,0.0022649527226251244,1.0,0.0,1.0,0.0025,-0.00024070965918143727,-0.0002407386344012857,5,1727.4562723613692,test,-0.0033493253100815,-0.003343722576935937,2.3523971074011203,0.0025
2025-03-28,-0.018484227855396985,1.0,0.0,0.6000000000000001,0.0015000000000000002,-0.019956501513613834,-0.020158322091960015,5,1692.9822886472878,test,-0.0845317150700691,-0.0810574894114432,2.161717703776445,0.0025
2025-04-04,0.00027387643762544255,1.0,0.0,0.8,0.002,-0.0017266713152497282,-0.001728163730352835,5,1690.0590646922547,test,0.009691296624072,0.009738409310547036,2.182769395589675,0.0025
2025-04-11,0.04640790788798992,1.0,0.0,1.0,0.0025,0.04379188811827017,0.04286012870652942,5,1764.0699421665263,test,-0.0027359349957155,-0.002732195736465881,2.1768056423533566,0.0025
2025-04-18,-0.01570761367992395,1.0,0.0,1.0,0.0025,-0.018168344645724033,-0.01833541571633485,5,1732.0197114780824,test,0.0082586700947,0.008292866986022718,2.194857601999817,0.0025
2025-04-25,0.00942765660576901,1.0,0.0,1.0,0.0025,0.006904087464254527,0.006880363385214373,5,1743.97772705594,test,-0.002386451308325,-0.002383605997250293,2.18962592625658,0.0025
2025-04-29,0.08410342507409818,1.0,0.0,1.0,0.0025,0.08139316651141293,0.07825017883299698,5,1885.9255965863997,test,0.0328871473200381,0.03343390687433745,2.262833675564677,0.0025
2025-05-09,0.020740064087310998,1.0,0.0,0.8,0.002,0.01869858395913626,0.018525914565932385,5,1921.1897346948547,test,0.0265442709107625,0.026899708040716508,2.323703240782068,0.0025
2025-05-16,0.01084425539187799,1.0,0.0,0.8,0.002,0.008822566881094174,0.008783875443242746,5,1938.1395596204716,test,0.0099930108869336,0.010043107754016845,2.3470404428176006,0.0025
2025-05-23,0.02188076761438649,1.0,0.0,0.6000000000000001,0.0015000000000000002,0.020347946462964783,0.02014369310992084,5,1977.576719617383,test,0.013705986242722,0.013800343867443665,2.3794304079992807,0.0025
2025-05-30,0.012822884594432172,1.0,0.0,0.6000000000000001,0.0015000000000000002,0.011303650267540766,0.011240241399885631,5,1999.9305552331684,test,-0.0020356890999477,-0.0020336184901694754,2.3745915543255016,0.0025
2025-06-06,-0.020678697741561836,1.0,0.0,1.0,0.0025,-0.02312700099720788,-0.023398626174157756,5,1953.6781592879445,test,-0.0108870122494023,-0.01082796321500279,2.348879564324609,0.0025
2025-06-13,0.02432401343021149,1.0,0.0,0.8,0.002,0.022275365403350955,0.022030893262033942,5,1997.1970541666296,test,0.0254137752224785,0.025739458300709117,2.40933845192393,0.0025
2025-06-20,0.010530111732880341,1.0,0.0,0.8,0.002,0.008509051509414611,0.0084730535918966,5,2014.1913067749847,test,0.0162382876976602,0.016370845221773234,2.448781358807244,0.0025
2025-06-27,0.08916907852826146,1.0,0.0,0.6000000000000001,0.0015000000000000002,0.08753532491046911,0.08391396612944484,5,2190.5041972453755,test,0.0112602289656809,0.011323863967800163,2.476511025801262,0.0025
2025-07-04,0.08769193798579876,1.0,0.0,0.6000000000000001,0.0015000000000000002,0.0860604000788201,0.08255683698066295,5,2379.0198648346473,test,0.0497794993006417,0.05103931591887356,2.6029104544237063,0.0025
2025-07-11,0.06104613252796391,1.0,0.0,1.0,0.0025,0.058393517196644096,0.05675220870219742,5,2517.939202223027,test,0.026749117712303,0.027110086708374448,2.673475582537268,0.0025
2025-07-18,0.011696892727419672,1.0,0.0,0.6000000000000001,0.0015000000000000002,0.010179347388328708,0.010127886760797516,5,2543.570180065147,test,0.022355896197366,0.02260766189356711,2.733916614587977,0.0025
2025-07-25,-0.008238128727814202,1.0,0.0,1.0,0.0025,-0.010717533405994573,-0.010775379852564994,5,2516.309381689807,test,-0.0237393596877435,-0.023459797665776327,2.669779483974639,0.0025
2025-08-01,0.08027675721258945,1.0,0.0,1.0,0.0025,0.07757606531955807,0.07471413476819902,5,2711.5147626479925,test,0.0582861958850047,0.06001832518509098,2.8300151772163136,0.0025
2025-08-08,0.03790770110333031,1.0,0.0,1.0,0.0025,0.03531293185057205,0.034703730632978144,5,2807.266298673201,test,0.0280271537283292,0.02842360957758916,2.910454423712161,0.0025
2025-08-15,-0.02822935168949057,1.0,0.0,1.0,0.0025,-0.030658778310266865,-0.031138591110692428,5,2721.198943564296,test,0.0094460428758249,0.009490797546012342,2.9380769574145096,0.0025
2025-08-22,0.06387613822939985,1.0,0.0,0.8,0.002,0.061748385952940854,0.059916970033907994,5,2889.2285861862388,test,0.0220823474303968,0.022327967085391975,3.003678243014009,0.0025
2025-08-29,0.002000089393937943,1.0,0.0,1.0,0.0025,-0.0005049108295467342,-0.0005050383399423571,5,2887.7697833840375,test,-0.0091007979188927,-0.009059511000410136,2.976466386929731,0.0025
2025-09-05,-0.036697728275826916,1.0,0.0,0.6000000000000001,0.0015000000000000002,-0.03814268168341317,-0.038889157074822704,5,2777.6224997614413,test,0.0001739532070259,0.00017396833776239795,2.976984197839471,0.0025
2025-09-12,-0.01713914401948662,1.0,0.0,1.0,0.0025,-0.01959629615943781,-0.019790849448165403,5,2723.1913866369982,test,-0.0051956290882868,-0.005182155152765655,2.961557003838935,0.0025
2025-09-19,0.023798309649573638,1.0,0.0,0.6000000000000001,0.0015000000000000002,0.022262612185099506,0.022018417858405925,5,2783.816740383501,test,0.0012532689058313,0.0012540545754906596,2.9652709579501755,0.0025
2025-09-26,-0.028580372776984577,1.0,0.0,1.0,0.0025,-0.031008921845042003,-0.03149987440418318,5,2697.4935846500293,test,-0.0090004599700781,-0.008960077075931938,2.93870190161592,0.0025
2025-10-03,0.05604757827036398,1.0,0.0,0.8,0.002,0.053935483113823235,0.05253123677871141,5,2842.9842043345675,test,0.0599760667593022,0.06181113365981705,3.12034639764306,0.0025
2025-10-10,0.008977416755085097,1.0,0.0,1.0,0.0025,0.006454973213197546,0.00643422909423995,5,2861.335591219091,test,-0.0094057737065631,-0.009361677777459776,3.091134720114268,0.0025
2025-10-17,-0.055232775649551896,1.0,0.0,0.8,0.002,-0.05712231009825275,-0.05881870794034764,5,2697.8894922823065,test,-0.0281241719518482,-0.027732369064054185,3.005410231229348,0.0025
2025-10-24,0.051713632024976385,1.0,0.0,0.8,0.002,0.04961020476092659,0.048418861684172775,5,2831.732342416784,test,-0.0262020569355658,-0.02586176166541887,2.927685028122483,0.0025
2025-10-31,-0.05002972425431544,1.0,0.0,1.0,0.0025,-0.05240464994367955,-0.05382771378392328,5,2683.336400278237,test,-0.0250418334425578,-0.02473088768944598,2.855280778501913,0.0025
2025-11-07,0.029996847602279986,1.0,0.0,0.8,0.002,0.027936853907075454,0.027553738985877076,5,2758.3003772763477,test,0.0224831393614648,0.022737790006879033,2.920203553254168,0.0025
2025-11-14,0.02418219723692059,1.0,0.0,1.0,0.0025,0.02162174174382825,0.02139130756124835,5,2817.939635685721,test,0.0118346015172906,0.011904907487801708,2.9549683064012084,0.0025
2025-11-21,-0.023862803020898937,1.0,0.0,1.0,0.0025,-0.0263031460133466,-0.026655261990986116,5,2743.818957991483,test,0.021555444376387,0.021789441245249064,3.0193554146951103,0.0025
2025-11-28,0.03373171294216127,1.0,0.0,1.0,0.0025,0.03114738365980596,0.030672146961500626,5,2829.2817397690924,test,0.0293292900704632,0.02976362958976697,3.1092223908579526,0.0025
2025-12-05,-0.0631591087270192,1.0,0.0,1.0,0.0025,-0.06550121095520167,-0.06774494791957064,5,2643.960359680777,test,-0.0557547854433608,-0.05422897571956897,2.9406124453173765,0.0025
2025-12-12,0.01562792490188647,1.0,0.0,1.0,0.0025,0.013088855089631757,0.013003936217095722,5,2678.5667736913692,test,0.0342716758779243,0.034865716593093454,3.043139005445936,0.0025
2025-12-19,-0.06135923818782372,1.0,0.0,0.8,0.002,-0.06323651971144806,-0.06532445092503748,5,2509.1835331084053,test,0.014845458146846,0.014956199282994298,3.0886527988572383,0.0025
2025-12-26,0.02773307898110633,1.0,0.0,0.8,0.002,0.02567761282314418,0.02535347985060686,5,2573.613376373772,test,0.031126865231511,0.0316163718348943,3.186304794214796,0.0025
2025-12-31,0.01045114683431383,1.0,0.0,1.0,0.0025,0.00792501896722797,0.007893780937194898,5,2594.009311195846,test,0.0456821450613349,0.04674164607254716,3.3352379251852446,0.0025
2026-01-09,0.028457182166727792,1.0,0.0,1.0,0.0025,0.025886039211311163,0.025556667686068242,5,2661.1579379399677,test,0.0059940985920793,0.006012099148776651,3.355289706276219,0.0025
2026-01-16,-0.017055754639431365,1.0,0.0,1.0,0.0025,-0.019513115252832725,-0.019706009521716587,5,2609.2304563909543,test,-0.0044481022267125,-0.004438224071777963,3.340398178734035,0.0025
2026-01-23,-0.038741706462521425,1.0,0.0,1.0,0.0025,-0.04114485219636499,-0.04201526055028363,5,2501.8740549164945,test,-0.0225695625046525,-0.022316775266064015,3.2658512632800587,0.0025
2026-01-30,-0.011201928948726113,1.0,0.0,1.0,0.0025,-0.013673924126354153,-0.013768273296391824,5,2467.6636189158726,test,-0.0410432188165061,-0.040212351834842286,3.1345237032407764,0.0025
2026-02-06,0.009350188257483063,1.0,0.0,1.0,0.0025,0.006826812786839387,0.006803615615744842,5,2484.5098964631056,test,0.0383332123127925,0.03907740858677622,3.2570127667172515,0.0025
2026-02-13,0.11445263503571859,1.0,0.0,0.6000000000000001,0.0015000000000000002,0.11278095608316518,0.10686224796804611,5,2764.7152979843004,test,0.0303660608127063,0.03083181202681895,3.3574323721096277,0.0025
2026-02-27,0.04679814823759463,1.0,0.0,1.0,0.0025,0.04418115286700064,0.04323299247976727,5,2886.86360719828,test,-0.0616888309700996,-0.059824605255460406,3.1565753057762644,0.0025
2026-03-06,-0.04526064227125617,1.0,0.0,1.0,0.0025,-0.04764749066557794,-0.04882002981426277,5,2749.3118004215034,test,-0.0413444255905696,-0.04050140284188608,3.02872957771627,0.0025
2026-03-13,0.01672485652109816,1.0,0.0,1.0,0.0025,0.01418304437979545,0.014083406017570793,5,2788.305411700777,test,-0.0289669032135625,-0.02855138423807957,2.942255155789656,0.0025
2026-03-20,0.04627041401960186,1.0,0.0,1.0,0.0025,0.043654737984553105,0.042728724020824504,5,2910.028153869486,test,0.0150517355536911,0.015165583410708727,2.986876171770372,0.0025
2026-03-27,-0.0175361852260745,1.0,0.0,1.0,0.0025,-0.019992344763009262,-0.02019489588171171,5,2851.8498677472635,test,0.0066967993748721,0.006719273075083798,3.006945808409958,0.0025
2026-04-03,0.06453043049544314,1.0,0.0,0.6000000000000001,0.0015000000000000002,0.06293363484970005,0.06103266547266256,5,3031.327145970235,test,0.0384201194282638,0.0391677157312178,3.124721007052936,0.0025
2026-04-10,0.0007911326138753116,1.0,0.0,1.0,0.0025,-0.0017108452176591848,-0.0017123103846930566,5,3026.1410144193915,test,0.0376645579166009,0.038382857142857274,3.2446567270779343,0.0025
2026-04-17,-0.016418113779813573,1.0,0.0,1.0,0.0025,-0.01887706849536408,-0.019057514826706822,5,2969.016343213566,test,0.0196820921740469,0.01987706158477187,3.309150968663507,0.0025
2026-04-24,-0.004490124191081724,1.0,0.0,1.0,0.0025,-0.00697889888060399,-0.007003365294264379,5,2948.295878379418,test,0.0004369650955999,0.0004370605787544779,3.310597268101057,0.0025
2026-04-29,-0.01719153067498136,1.0,0.0,1.0,0.0025,-0.019648551848293838,-0.019844151043538292,5,2890.366133948969,test,0.0325114123362536,0.03304568254139473,3.419998214445133,0.0025
2026-05-08,-0.0017444237321538186,1.0,0.0,1.0,0.0025,-0.004240062672823286,-0.0042490772291044416,5,2878.1108003936197,test,0.0032473568856577,0.003252635261072223,3.431122221230241,0.0025
2026-05-15,-0.03022830374300043,1.0,0.0,1.0,0.0025,-0.03265273298364291,-0.03319773008894667,5,2784.132616931028,test,-0.0004320250329404,-0.00043193172356370546,3.4296402106954678,0.0025
